Date,Ball 1,Ball 2,Ball 3,Ball 4,Ball 5
5/14/2014,4,27,1,34,36
5/13/2014,7,29,11,39,1
5/12/2014,15,33,31,12,5
5/11/2014,29,33,37,22,32
5/10/2014,29,8,20,15,5
5/9/2014,22,17,4,27,36
5/8/2014,31,36,5,7,17
5/7/2014,13,12,9,21,23
5/6/2014,33,15,35,12,32
5/5/2014,6,19,26,28,15
5/4/2014,33,34,20,6,7
5/3/2014,33,29,24,36,2
5/2/2014,39,6,23,30,38
5/1/2014,8,5,39,21,11
4/30/2014,34,16,13,20,35
4/29/2014,35,21,9,33,27
4/28/2014,2,32,35,33,23
4/27/2014,20,16,39,13,28
4/26/2014,21,16,7,35,22
4/25/2014,1,38,36,30,3
4/24/2014,13,19,21,20,33
4/23/2014,33,9,13,34,15
4/22/2014,6,15,32,7,28
4/21/2014,7,2,32,4,9
4/20/2014,3,7,29,15,25
4/19/2014,33,3,10,20,38
4/18/2014,15,7,13,2,34
4/17/2014,37,2,13,25,10
4/16/2014,13,23,11,32,3
4/15/2014,21,37,19,1,17
4/14/2014,14,36,17,20,3
4/13/2014,11,4,22,29,36
4/12/2014,9,12,28,17,4
4/11/2014,30,8,16,11,28
4/10/2014,6,30,35,3,23
4/9/2014,21,13,20,36,18
4/8/2014,1,19,34,22,36
4/7/2014,15,1,23,22,5
4/6/2014,15,16,35,27,19
4/5/2014,33,24,35,19,26
4/4/2014,30,9,8,13,27
4/3/2014,23,13,32,6,17
4/2/2014,3,9,16,15,23
4/1/2014,21,27,38,28,35
3/31/2014,28,37,25,38,22
3/30/2014,2,13,31,17,39
3/29/2014,35,26,29,10,15
3/28/2014,14,35,28,34,24
3/27/2014,3,35,26,15,37
3/26/2014,37,31,10,35,5
3/25/2014,7,4,23,14,29
3/24/2014,38,8,4,39,28
3/23/2014,4,36,37,8,12
3/22/2014,27,36,9,14,21
3/21/2014,10,21,13,7,37
3/20/2014,30,25,5,13,24
3/19/2014,14,26,5,4,16
3/18/2014,13,35,29,1,36
3/17/2014,17,24,39,26,1
3/16/2014,24,16,9,11,7
3/15/2014,33,16,15,21,12
3/14/2014,20,26,30,36,31
3/13/2014,30,9,4,11,33
3/12/2014,26,4,39,1,28
3/11/2014,22,14,11,20,21
3/10/2014,29,35,10,27,39
3/9/2014,32,17,27,37,29
3/8/2014,24,18,11,33,12
3/7/2014,14,29,20,11,37
3/6/2014,26,2,16,7,6
3/5/2014,34,4,2,27,13
3/4/2014,2,28,8,16,9
3/3/2014,19,14,12,26,34
3/2/2014,36,3,37,19,31
3/1/2014,9,3,34,36,23
2/28/2014,37,33,9,35,18
2/27/2014,39,8,22,30,5
2/26/2014,28,15,39,37,9
2/25/2014,14,21,39,29,4
2/24/2014,31,20,14,16,25
2/23/2014,7,17,36,38,30
2/22/2014,31,16,34,29,2
2/21/2014,37,27,16,2,10
2/20/2014,10,2,14,27,16
2/19/2014,2,20,36,18,33
2/18/2014,19,24,12,13,8
2/17/2014,8,30,7,27,12
2/16/2014,27,15,17,18,36
2/15/2014,29,3,21,23,16
2/14/2014,1,36,38,35,28
2/13/2014,20,27,2,4,31
2/12/2014,33,18,7,17,15
2/11/2014,13,21,23,24,20
2/10/2014,23,26,7,12,20
2/9/2014,9,7,28,34,20
2/8/2014,27,21,25,20,9
2/7/2014,21,24,17,15,9
2/6/2014,20,27,17,24,10
2/5/2014,18,32,30,21,28
2/4/2014,31,4,35,23,19
2/3/2014,38,29,31,2,37
2/2/2014,2,12,35,26,32
2/1/2014,30,20,23,19,18
1/31/2014,28,27,23,13,3
1/30/2014,35,12,30,11,23
1/29/2014,25,32,17,1,20
1/28/2014,16,38,6,15,11
1/27/2014,15,17,6,9,20
1/26/2014,30,9,26,13,17
1/25/2014,27,34,7,17,12
1/24/2014,32,30,34,1,18
1/23/2014,28,10,38,35,27
1/22/2014,16,24,22,30,10
1/21/2014,25,32,29,26,38
1/20/2014,37,38,3,9,30
1/19/2014,35,6,19,5,16
1/18/2014,29,16,15,21,22
1/17/2014,38,23,11,5,14
1/16/2014,27,32,30,31,20
1/15/2014,4,30,6,33,36
1/14/2014,16,19,31,32,11
1/13/2014,28,2,34,21,4
1/12/2014,26,9,17,25,7
1/11/2014,17,35,22,37,15
1/10/2014,19,21,8,20,24
1/9/2014,13,1,16,34,12
1/8/2014,21,10,24,1,11
1/7/2014,38,21,19,6,24
1/6/2014,16,34,28,38,30
1/5/2014,36,5,10,39,11
1/4/2014,33,37,23,22,3
1/3/2014,8,34,15,9,26
1/2/2014,19,17,12,20,11
1/1/2014,31,18,5,22,14
12/31/2013,1,4,11,31,16
12/30/2013,38,14,4,29,35
12/29/2013,30,36,6,24,25
12/28/2013,38,18,19,37,10
12/27/2013,7,32,29,15,38
12/26/2013,6,19,7,30,18
12/25/2013,35,36,12,39,20
12/24/2013,27,5,18,13,28
12/23/2013,30,32,18,8,6
12/22/2013,4,23,27,6,5
12/21/2013,19,28,5,38,35
12/20/2013,5,26,24,36,19
12/19/2013,28,11,27,6,4
12/18/2013,30,33,3,21,31
12/17/2013,29,38,34,26,3
12/16/2013,26,3,24,33,12
12/15/2013,39,6,28,25,10
12/14/2013,31,21,1,23,2
12/13/2013,6,30,5,25,32
12/12/2013,18,13,30,12,33
12/11/2013,8,25,35,38,21
12/10/2013,17,32,31,25,26
12/9/2013,6,14,37,18,35
12/8/2013,23,27,37,2,26
12/7/2013,31,27,16,15,12
12/6/2013,13,36,35,12,19
12/5/2013,22,10,6,27,34
12/4/2013,15,35,24,38,12
12/3/2013,3,30,34,38,17
12/2/2013,29,37,3,8,28
12/1/2013,1,21,8,19,5
11/30/2013,8,16,5,36,17
11/29/2013,22,23,20,28,1
11/28/2013,20,35,19,34,14
11/27/2013,6,5,24,20,33
11/26/2013,34,19,39,17,7
11/25/2013,31,21,13,14,5
11/24/2013,15,34,16,11,39
11/23/2013,5,10,22,12,34
11/22/2013,22,35,7,6,37
11/21/2013,27,10,24,20,18
11/20/2013,16,4,27,5,25
11/19/2013,22,5,11,7,2
11/18/2013,27,4,13,11,34
11/17/2013,21,10,7,15,23
11/16/2013,32,37,31,21,25
11/15/2013,37,35,8,13,7
11/14/2013,29,25,19,39,12
11/13/2013,14,29,33,4,28
11/12/2013,34,21,24,1,10
11/11/2013,19,24,14,36,15
11/10/2013,19,27,11,22,17
11/9/2013,13,5,22,17,3
11/8/2013,16,5,36,24,20
11/7/2013,15,3,29,11,24
11/6/2013,37,21,17,9,36
11/5/2013,38,6,36,11,5
11/4/2013,16,2,7,19,15
11/3/2013,23,32,6,2,17
11/2/2013,21,38,36,12,22
11/1/2013,24,18,23,25,29
10/31/2013,12,14,24,28,2
10/30/2013,1,22,7,27,35
10/29/2013,21,36,11,6,32
10/28/2013,11,22,25,37,1
10/27/2013,20,28,29,39,1
10/26/2013,15,1,29,19,25
10/25/2013,7,6,25,30,29
10/24/2013,12,15,10,16,2
10/23/2013,18,5,25,28,19
10/22/2013,2,28,31,23,7
10/21/2013,19,31,34,15,2
10/20/2013,28,15,26,30,32
10/19/2013,24,14,19,37,4
10/18/2013,14,16,24,19,25
10/17/2013,2,29,37,26,19
10/16/2013,19,24,35,22,29
10/15/2013,28,15,4,19,33
10/14/2013,33,9,11,35,32
10/13/2013,21,3,4,22,20
10/12/2013,17,10,3,34,2
10/11/2013,5,24,2,6,28
10/10/2013,18,6,38,30,34
10/9/2013,27,19,2,11,31
10/8/2013,36,26,7,8,30
10/7/2013,26,10,25,9,35
10/6/2013,10,27,29,22,38
10/5/2013,10,2,27,14,24
10/4/2013,38,17,11,29,31
10/3/2013,11,8,25,37,13
10/2/2013,27,20,4,33,11
10/1/2013,26,12,2,14,29
9/30/2013,28,36,15,13,19
9/29/2013,15,26,30,22,37
9/28/2013,35,7,38,10,39
9/27/2013,9,18,38,1,39
9/26/2013,14,6,22,30,37
9/25/2013,30,1,7,29,23
9/24/2013,8,38,15,37,9
9/23/2013,37,36,27,7,19
9/22/2013,28,11,29,12,32
9/21/2013,15,4,9,27,12
9/20/2013,35,13,2,10,7
9/19/2013,30,27,9,22,32
9/18/2013,25,20,27,3,19
9/17/2013,1,29,21,16,25
9/16/2013,15,3,38,26,8
9/15/2013,25,30,36,18,8
9/14/2013,38,19,3,4,11
9/13/2013,12,2,22,3,15
9/12/2013,37,21,28,1,36
9/11/2013,24,39,33,23,28
9/10/2013,20,38,37,24,22
9/9/2013,2,4,14,26,35
9/8/2013,34,37,15,11,21
9/7/2013,1,30,3,7,15
9/6/2013,10,3,32,39,30
9/5/2013,32,34,20,13,26
9/4/2013,25,18,27,24,30
9/3/2013,16,38,7,30,8
9/2/2013,12,22,14,21,29
9/1/2013,35,37,1,15,31
8/31/2013,28,11,36,16,5
8/30/2013,7,27,23,9,37
8/29/2013,29,1,25,33,2
8/28/2013,30,31,36,20,34
8/27/2013,18,32,6,13,8
8/26/2013,19,5,25,3,8
8/25/2013,19,8,12,21,32
8/24/2013,13,29,37,9,23
8/23/2013,13,35,7,6,33
8/22/2013,29,1,20,37,24
8/21/2013,37,21,10,34,39
8/20/2013,2,37,3,31,14
8/19/2013,8,11,17,10,31
8/18/2013,19,8,7,29,22
8/17/2013,22,25,8,16,33
8/16/2013,33,28,25,2,20
8/15/2013,2,10,3,15,37
8/14/2013,32,33,15,36,9
8/13/2013,25,22,4,2,9
8/12/2013,35,8,23,13,20
8/11/2013,3,19,34,14,29
8/10/2013,6,35,14,23,39
8/9/2013,5,39,20,12,8
8/8/2013,16,8,20,22,2
8/7/2013,3,35,26,4,25
8/6/2013,13,29,6,38,33
8/5/2013,7,8,13,1,21
8/4/2013,39,35,32,18,26
8/3/2013,39,20,23,10,9
8/2/2013,7,19,22,38,14
8/1/2013,9,38,25,18,2
7/31/2013,8,36,11,13,22
7/30/2013,8,27,16,39,1
7/29/2013,34,12,13,36,6
7/28/2013,35,31,4,8,12
7/27/2013,22,39,28,27,36
7/26/2013,20,12,1,37,2
7/25/2013,13,14,17,38,19
7/24/2013,6,38,14,3,36
7/23/2013,8,16,24,10,36
7/22/2013,14,38,31,7,32
7/21/2013,5,10,15,2,39
7/20/2013,26,25,9,21,8
7/19/2013,29,14,26,4,19
7/18/2013,25,24,31,20,16
7/17/2013,34,6,19,32,35
7/16/2013,17,18,30,22,14
7/15/2013,18,33,21,28,27
7/14/2013,1,28,13,15,36
7/13/2013,34,38,22,36,30
7/12/2013,33,19,13,10,25
7/11/2013,33,24,34,27,19
7/10/2013,36,31,6,21,33
7/9/2013,38,37,24,28,36
7/8/2013,25,33,21,13,12
7/7/2013,31,36,1,39,21
7/6/2013,18,38,4,20,5
7/5/2013,20,28,2,9,4
7/4/2013,16,6,23,7,10
7/3/2013,33,24,28,9,14
7/2/2013,33,36,20,5,19
7/1/2013,17,32,24,39,14
6/30/2013,37,2,38,20,1
6/29/2013,5,15,18,8,28
6/28/2013,33,8,18,31,24
6/27/2013,1,16,3,17,37
6/26/2013,15,27,26,30,33
6/25/2013,3,22,15,38,39
6/24/2013,1,37,17,7,35
6/23/2013,33,13,6,22,38
6/22/2013,21,2,12,31,11
6/21/2013,12,25,11,31,15
6/20/2013,2,20,31,19,37
6/19/2013,2,26,8,33,19
6/18/2013,18,22,32,12,8
6/17/2013,5,26,17,2,23
6/16/2013,34,13,22,21,27
6/15/2013,12,11,20,7,1
6/14/2013,35,21,5,15,2
6/13/2013,35,38,25,11,4
6/12/2013,22,28,10,1,6
6/11/2013,6,21,26,1,25
6/10/2013,34,11,39,16,36
6/9/2013,34,6,16,31,33
6/8/2013,5,18,34,33,26
6/7/2013,7,32,25,39,1
6/6/2013,12,39,8,6,30
6/5/2013,17,24,19,8,30
6/4/2013,13,38,35,24,23
6/3/2013,1,27,3,23,24
6/2/2013,26,22,23,28,14
6/1/2013,13,26,22,32,1
5/31/2013,1,28,38,24,18
5/30/2013,10,7,8,23,37
5/29/2013,1,22,5,19,13
5/28/2013,24,20,21,6,29
5/27/2013,26,22,25,23,38
5/26/2013,8,3,23,12,15
5/25/2013,14,12,23,20,29
5/24/2013,3,27,9,10,17
5/23/2013,19,6,38,8,11
5/22/2013,25,34,3,33,21
5/21/2013,3,26,1,4,36
5/20/2013,32,18,4,16,11
5/19/2013,21,2,9,28,32
5/18/2013,8,14,10,30,5
5/17/2013,1,17,39,34,33
5/16/2013,25,16,1,4,9
5/15/2013,13,27,4,28,34
5/14/2013,5,32,9,39,25
5/13/2013,31,28,38,32,2
5/12/2013,36,13,31,8,28
5/11/2013,38,27,21,20,24
5/10/2013,25,38,31,2,6
5/9/2013,26,4,35,1,23
5/8/2013,38,32,21,30,39
5/7/2013,21,11,29,24,8
5/6/2013,22,5,33,11,36
5/5/2013,24,27,11,8,26
5/4/2013,27,12,13,22,4
5/3/2013,11,19,12,3,8
5/2/2013,29,21,16,20,17
5/1/2013,34,10,30,36,7
4/30/2013,18,26,29,33,28
4/29/2013,13,4,5,36,24
4/28/2013,17,38,31,18,8
4/27/2013,24,36,28,7,20
4/26/2013,18,12,38,35,30
4/25/2013,17,27,35,24,11
4/24/2013,16,15,38,36,18
4/23/2013,37,29,1,22,27
4/22/2013,1,35,26,39,33
4/21/2013,36,4,29,16,25
4/20/2013,35,12,36,24,7
4/19/2013,22,32,26,21,11
4/18/2013,2,3,4,30,27
4/17/2013,26,14,24,16,38
4/16/2013,10,15,4,5,20
4/15/2013,24,7,23,12,14
4/14/2013,3,29,15,37,34
4/13/2013,21,15,26,37,4
4/12/2013,37,7,4,13,34
4/11/2013,27,35,30,13,3
4/10/2013,12,34,3,24,18
4/9/2013,25,38,31,29,6
4/8/2013,31,2,35,27,33
4/7/2013,12,26,18,11,38
4/6/2013,38,17,14,16,4
4/5/2013,8,38,36,30,24
4/4/2013,13,34,9,28,2
4/3/2013,7,23,2,12,31
4/2/2013,25,34,14,39,1
4/1/2013,20,25,18,14,22
3/31/2013,34,39,4,32,2
3/30/2013,17,37,5,28,13
3/29/2013,23,14,9,7,5
3/28/2013,24,18,25,36,20
3/27/2013,4,36,17,24,18
3/26/2013,8,14,37,32,28
3/25/2013,33,4,31,11,15
3/24/2013,13,14,26,6,7
3/23/2013,4,35,22,28,15
3/22/2013,37,7,8,3,10
3/21/2013,2,3,10,23,16
3/20/2013,21,31,11,30,37
3/19/2013,5,22,21,35,2
3/18/2013,9,7,8,36,4
3/17/2013,13,32,4,34,16
3/16/2013,28,8,2,1,25
3/15/2013,27,11,25,21,19
3/14/2013,1,4,25,3,27
3/13/2013,37,5,6,29,22
3/12/2013,4,8,20,33,17
3/11/2013,39,36,7,33,18
3/10/2013,3,33,36,4,34
3/9/2013,13,31,23,20,3
3/8/2013,2,33,1,32,19
3/7/2013,8,13,4,16,33
3/6/2013,22,9,8,21,35
3/5/2013,19,20,23,3,22
3/4/2013,17,19,16,38,34
3/3/2013,26,24,32,30,33
3/2/2013,25,7,2,22,27
3/1/2013,13,2,9,15,1
2/28/2013,23,8,3,7,17
2/27/2013,13,32,35,5,8
2/26/2013,11,37,7,14,24
2/25/2013,24,11,33,19,23
2/24/2013,29,31,10,38,36
2/23/2013,4,33,27,20,7
2/22/2013,23,22,19,7,25
2/21/2013,36,26,1,6,9
2/20/2013,9,1,2,5,11
2/19/2013,16,2,5,34,39
2/18/2013,26,38,12,14,20
2/17/2013,15,20,2,5,38
2/16/2013,34,11,39,33,22
2/15/2013,17,30,27,22,8
2/14/2013,10,6,34,7,16
2/13/2013,39,10,25,21,15
2/12/2013,32,21,38,1,9
2/11/2013,23,24,10,22,15
2/10/2013,2,27,28,20,38
2/9/2013,12,19,35,30,17
2/8/2013,3,28,2,9,37
2/7/2013,8,35,36,38,39
2/6/2013,23,18,27,7,35
2/5/2013,10,6,31,26,33
2/4/2013,1,38,10,8,7
2/3/2013,33,21,36,28,25
2/2/2013,31,1,39,38,4
2/1/2013,11,37,25,15,14
1/31/2013,25,35,38,31,13
1/30/2013,8,12,29,3,37
1/29/2013,24,39,27,11,12
1/28/2013,29,10,18,39,16
1/27/2013,17,3,6,8,31
1/26/2013,33,10,23,34,39
1/25/2013,4,27,23,5,18
1/24/2013,10,21,1,35,12
1/23/2013,34,29,37,3,18
1/22/2013,9,21,38,8,19
1/21/2013,6,15,14,27,9
1/20/2013,26,12,1,3,10
1/19/2013,12,35,24,2,20
1/18/2013,20,11,1,16,5
1/17/2013,12,19,31,10,35
1/16/2013,36,34,2,8,29
1/15/2013,35,17,24,28,33
1/14/2013,26,3,33,34,27
1/13/2013,35,2,39,21,18
1/12/2013,11,15,14,39,3
1/11/2013,13,31,25,3,26
1/10/2013,26,21,16,17,37
1/9/2013,1,24,37,12,14
1/8/2013,20,36,29,39,17
1/7/2013,21,35,22,3,33
1/6/2013,14,16,9,17,11
1/5/2013,27,34,16,12,21
1/4/2013,19,20,15,29,6
1/3/2013,13,16,15,2,24
1/2/2013,1,10,17,4,8
1/1/2013,17,10,3,15,5
12/31/2012,13,39,33,4,36
12/30/2012,12,5,31,6,21
12/29/2012,34,10,1,38,24
12/28/2012,14,2,4,28,13
12/27/2012,36,16,34,32,11
12/26/2012,5,36,7,23,28
12/25/2012,13,21,22,7,20
12/24/2012,13,3,29,26,31
12/23/2012,17,1,10,31,4
12/22/2012,20,9,1,33,6
12/21/2012,13,26,16,8,3
12/20/2012,29,33,34,2,22
12/19/2012,2,10,29,38,32
12/18/2012,36,27,2,33,10
12/17/2012,26,23,27,29,33
12/16/2012,34,39,17,6,37
12/15/2012,7,11,31,21,39
12/14/2012,19,38,13,1,6
12/13/2012,9,25,32,14,35
12/12/2012,8,1,30,35,7
12/11/2012,28,5,19,4,16
12/10/2012,17,4,13,25,7
12/9/2012,18,31,4,20,17
12/8/2012,38,25,26,1,16
12/7/2012,38,26,23,4,22
12/6/2012,31,5,27,29,37
12/5/2012,5,11,20,17,37
12/4/2012,35,4,13,16,6
12/3/2012,19,30,12,18,31
12/2/2012,25,32,17,5,7
12/1/2012,5,30,8,33,31
11/30/2012,21,24,33,16,14
11/29/2012,2,19,29,26,25
11/28/2012,26,38,19,15,27
11/27/2012,26,5,37,15,25
11/26/2012,36,8,30,4,39
11/25/2012,34,23,15,32,26
11/24/2012,22,20,3,19,9
11/23/2012,24,28,30,8,27
11/22/2012,28,20,4,10,11
11/21/2012,4,28,14,3,15
11/20/2012,30,10,18,5,27
11/19/2012,7,29,16,36,21
11/18/2012,35,8,11,15,27
11/17/2012,23,15,35,14,36
11/16/2012,10,34,12,3,36
11/15/2012,31,30,15,18,24
11/14/2012,26,22,13,33,12
11/13/2012,24,18,26,13,1
11/12/2012,30,12,13,4,34
11/11/2012,3,37,29,6,2
11/10/2012,13,1,5,8,33
11/9/2012,16,27,32,33,31
11/8/2012,25,7,11,3,6
11/7/2012,39,24,13,11,15
11/6/2012,1,27,22,33,26
11/5/2012,38,30,12,27,34
11/4/2012,33,14,23,16,38
11/3/2012,15,19,33,12,9
11/2/2012,16,26,29,19,24
11/1/2012,12,16,18,4,23
10/31/2012,19,32,15,7,13
10/30/2012,37,12,38,18,29
10/29/2012,26,8,30,11,5
10/28/2012,20,28,32,37,19
10/27/2012,19,13,11,38,9
10/26/2012,34,15,31,32,6
10/25/2012,10,3,25,19,17
10/24/2012,17,12,13,25,35
10/23/2012,12,34,13,7,32
10/22/2012,7,34,29,19,11
10/21/2012,2,38,13,1,26
10/20/2012,8,14,16,2,11
10/19/2012,16,26,9,15,1
10/18/2012,32,33,25,22,13
10/17/2012,22,21,24,5,31
10/16/2012,14,4,32,13,36
10/15/2012,5,25,4,22,20
10/14/2012,27,5,35,28,16
10/13/2012,10,12,36,6,4
10/12/2012,16,15,39,38,27
10/11/2012,3,23,36,5,21
10/10/2012,37,15,22,24,25
10/9/2012,17,9,30,37,31
10/8/2012,37,18,3,28,20
10/7/2012,37,29,10,22,21
10/6/2012,27,24,19,13,11
10/5/2012,21,22,1,29,9
10/4/2012,27,9,7,20,32
10/3/2012,4,2,9,34,20
10/2/2012,1,22,18,10,3
10/1/2012,28,10,15,13,34
9/30/2012,10,35,1,8,7
9/29/2012,4,23,6,11,2
9/28/2012,26,31,39,12,24
9/27/2012,10,37,7,29,16
9/26/2012,29,34,5,31,23
9/25/2012,11,30,7,26,8
9/24/2012,16,18,12,33,29
9/23/2012,36,11,27,25,19
9/22/2012,27,24,21,3,11
9/21/2012,11,37,20,29,23
9/20/2012,35,27,19,15,17
9/19/2012,31,28,11,20,34
9/18/2012,31,9,32,23,21
9/17/2012,33,36,16,24,1
9/16/2012,17,1,30,21,34
9/15/2012,19,25,13,24,30
9/14/2012,33,16,36,24,29
9/13/2012,14,8,35,12,31
9/12/2012,4,19,18,7,10
9/11/2012,21,15,2,30,13
9/10/2012,19,33,8,31,36
9/9/2012,14,1,15,32,36
9/8/2012,28,37,18,14,30
9/7/2012,16,21,34,5,4
9/6/2012,37,35,36,20,9
9/5/2012,26,7,31,23,17
9/4/2012,39,6,26,22,16
9/3/2012,14,1,39,11,36
9/2/2012,14,25,37,11,26
9/1/2012,8,18,28,35,19
8/31/2012,4,11,17,9,8
8/30/2012,8,32,7,29,19
8/29/2012,17,7,16,25,33
8/28/2012,27,17,21,14,10
8/27/2012,33,23,29,4,13
8/26/2012,14,2,33,38,13
8/25/2012,18,10,1,27,37
8/24/2012,14,32,16,8,15
8/23/2012,13,27,9,38,17
8/22/2012,12,17,23,33,1
8/21/2012,39,21,1,29,6
8/20/2012,33,31,17,12,38
8/19/2012,38,4,12,20,2
8/18/2012,23,29,33,37,34
8/17/2012,26,23,34,35,12
8/16/2012,36,1,27,5,26
8/15/2012,10,38,16,23,9
8/14/2012,7,26,12,10,4
8/13/2012,8,17,16,9,6
8/12/2012,29,13,30,27,22
8/11/2012,37,23,9,12,27
8/10/2012,9,37,14,24,31
8/9/2012,21,10,6,9,35
8/8/2012,35,1,33,13,23
8/7/2012,7,30,34,38,17
8/6/2012,34,20,26,18,5
8/5/2012,31,17,23,2,19
8/4/2012,8,23,22,9,13
8/3/2012,19,25,39,34,17
8/2/2012,22,38,11,17,37
8/1/2012,18,25,32,35,27
7/31/2012,1,24,37,20,28
7/30/2012,7,11,22,39,8
7/29/2012,38,27,25,3,8
7/28/2012,17,33,12,7,10
7/27/2012,38,13,21,23,8
7/26/2012,26,30,9,10,17
7/25/2012,30,5,19,13,35
7/24/2012,24,20,5,4,26
7/23/2012,16,30,8,6,38
7/22/2012,11,1,23,6,7
7/21/2012,26,5,19,3,39
7/20/2012,15,16,2,39,38
7/19/2012,33,8,1,36,15
7/18/2012,4,10,23,34,27
7/17/2012,15,7,22,31,39
7/16/2012,6,20,24,7,10
7/15/2012,1,35,12,20,3
7/14/2012,3,5,9,35,6
7/13/2012,33,4,38,18,31
7/12/2012,26,35,5,14,34
7/11/2012,19,15,14,6,39
7/10/2012,13,29,5,37,24
7/9/2012,18,35,7,8,29
7/8/2012,26,24,2,35,7
7/7/2012,22,4,18,38,29
7/6/2012,8,22,11,32,12
7/5/2012,13,27,10,18,25
7/4/2012,6,27,32,28,5
7/3/2012,33,20,37,24,15
7/2/2012,12,9,38,36,23
7/1/2012,7,13,14,33,39
6/30/2012,10,36,31,3,16
6/29/2012,4,17,30,14,36
6/28/2012,21,15,39,26,24
6/27/2012,26,20,7,38,6
6/26/2012,20,1,25,16,37
6/25/2012,19,29,5,26,27
6/24/2012,31,35,5,32,8
6/23/2012,14,16,18,6,27
6/22/2012,19,8,31,22,24
6/21/2012,36,28,22,37,3
6/20/2012,32,7,38,24,30
6/19/2012,30,29,3,22,11
6/18/2012,13,11,28,23,8
6/17/2012,37,29,18,35,34
6/16/2012,38,26,32,28,13
6/15/2012,21,25,18,17,6
6/14/2012,14,22,3,27,15
6/13/2012,29,21,38,11,18
6/12/2012,16,19,20,37,22
6/11/2012,39,36,1,8,23
6/10/2012,38,17,26,5,39
6/9/2012,18,32,5,35,22
6/8/2012,8,30,25,31,27
6/7/2012,3,36,12,22,19
6/6/2012,15,8,34,29,14
6/5/2012,36,31,32,39,19
6/4/2012,26,1,22,9,20
6/3/2012,15,9,35,29,28
6/2/2012,15,26,35,19,31
6/1/2012,1,2,35,22,33
5/31/2012,39,36,28,16,23
5/30/2012,5,37,18,35,11
5/29/2012,20,32,11,26,18
5/28/2012,34,14,6,9,37
5/27/2012,22,26,37,4,24
5/26/2012,35,27,38,20,36
5/25/2012,17,8,30,34,37
5/24/2012,38,33,4,37,2
5/23/2012,31,12,14,27,20
5/22/2012,5,18,1,7,20
5/21/2012,38,14,29,3,4
5/20/2012,29,35,6,9,20
5/19/2012,15,16,20,21,14
5/18/2012,28,15,26,9,38
5/17/2012,5,21,17,24,6
5/16/2012,11,25,26,17,33
5/15/2012,5,18,32,4,24
5/14/2012,38,30,8,4,21
5/13/2012,31,17,27,2,35
5/12/2012,21,7,28,4,8
5/11/2012,38,30,4,35,1
5/10/2012,37,5,12,16,2
5/9/2012,22,10,8,34,7
5/8/2012,13,14,7,35,38
5/7/2012,1,28,22,5,3
5/6/2012,20,35,29,3,30
5/5/2012,30,27,29,18,25
5/4/2012,21,19,5,28,34
5/3/2012,2,27,12,35,32
5/2/2012,32,12,9,33,3
5/1/2012,12,11,24,32,23
4/30/2012,17,2,30,16,37
4/29/2012,32,27,16,36,34
4/28/2012,20,29,6,15,27
4/27/2012,15,21,11,10,38
4/26/2012,1,27,11,13,23
4/25/2012,39,3,24,17,10
4/24/2012,35,5,15,20,12
4/23/2012,25,32,2,4,18
4/22/2012,21,7,20,19,22
4/21/2012,4,25,26,33,9
4/20/2012,26,12,18,4,24
4/19/2012,15,4,26,3,2
4/18/2012,16,11,24,12,10
4/17/2012,22,20,32,38,36
4/16/2012,10,22,28,6,4
4/15/2012,13,28,24,12,32
4/14/2012,2,29,31,8,30
4/13/2012,8,19,11,23,7
4/12/2012,6,27,3,21,1
4/11/2012,18,34,13,14,33
4/10/2012,27,21,12,4,28
4/9/2012,39,28,15,18,7
4/8/2012,11,16,36,19,22
4/7/2012,36,10,15,24,17
4/6/2012,26,33,25,21,39
4/5/2012,25,36,17,2,8
4/4/2012,32,8,11,5,6
4/3/2012,13,26,30,16,14
4/2/2012,2,9,38,32,39
4/1/2012,26,9,20,39,8
3/31/2012,10,22,31,34,36
3/30/2012,23,17,22,11,1
3/29/2012,15,2,29,17,21
3/28/2012,9,6,11,38,36
3/27/2012,7,27,4,9,34
3/26/2012,36,38,28,12,13
3/25/2012,6,11,27,39,23
3/24/2012,18,34,4,25,16
3/23/2012,24,14,25,23,6
3/22/2012,29,8,18,21,9
3/21/2012,26,7,28,23,17
3/20/2012,10,34,9,13,20
3/19/2012,9,20,36,2,6
3/18/2012,12,9,38,27,7
3/17/2012,14,28,16,20,22
3/16/2012,14,20,12,7,3
3/15/2012,28,35,30,31,23
3/14/2012,19,35,6,2,24
3/13/2012,10,22,32,24,25
3/12/2012,23,39,27,1,31
3/11/2012,23,22,29,34,24
3/10/2012,16,21,14,28,25
3/9/2012,4,21,12,15,31
3/8/2012,10,16,23,8,17
3/7/2012,18,37,27,28,35
3/6/2012,10,21,35,6,32
3/5/2012,30,27,12,25,14
3/4/2012,14,22,32,35,29
3/3/2012,12,17,14,11,20
3/2/2012,9,13,12,1,14
3/1/2012,4,32,7,12,33
2/29/2012,22,26,37,7,32
2/28/2012,32,21,30,31,15
2/27/2012,26,16,19,30,37
2/26/2012,35,11,24,10,20
2/25/2012,1,24,12,25,26
2/24/2012,27,25,21,13,4
2/23/2012,32,14,15,22,12
2/22/2012,1,16,29,35,5
2/21/2012,8,2,19,17,30
2/20/2012,3,39,28,4,32
2/19/2012,32,37,13,16,31
2/18/2012,20,36,38,4,8
2/17/2012,3,34,27,35,10
2/16/2012,33,22,10,11,17
2/15/2012,15,8,11,34,39
2/14/2012,2,5,12,26,27
2/13/2012,36,6,35,24,8
2/12/2012,5,11,39,2,25
2/11/2012,28,39,1,10,30
2/10/2012,1,10,28,38,23
2/9/2012,37,10,4,15,39
2/8/2012,30,33,21,10,7
2/7/2012,32,4,11,39,33
2/6/2012,39,29,1,20,9
2/5/2012,31,28,34,10,23
2/4/2012,10,6,24,26,39
2/3/2012,18,28,30,14,20
2/2/2012,36,27,18,23,9
2/1/2012,3,12,16,23,25
1/31/2012,37,23,26,22,4
1/30/2012,12,35,18,28,39
1/29/2012,3,39,26,15,6
1/28/2012,39,32,18,37,12
1/27/2012,28,37,34,16,25
1/26/2012,25,23,29,6,13
1/25/2012,34,32,29,31,28
1/24/2012,14,16,27,18,6
1/23/2012,39,34,17,5,7
1/22/2012,28,37,2,10,15
1/21/2012,34,12,19,9,30
1/20/2012,30,8,7,5,16
1/19/2012,10,18,4,39,33
1/18/2012,5,32,27,7,8
1/17/2012,36,33,6,11,3
1/16/2012,2,8,22,33,6
1/15/2012,1,30,15,28,5
1/14/2012,36,33,12,14,10
1/13/2012,17,21,13,29,30
1/12/2012,10,6,12,37,13
1/11/2012,34,15,14,4,25
1/10/2012,20,7,23,38,4
1/9/2012,21,39,31,36,35
1/8/2012,22,38,5,29,28
1/7/2012,37,14,20,27,35
1/6/2012,14,4,31,35,37
1/5/2012,11,38,25,32,9
1/4/2012,13,32,9,34,29
1/3/2012,30,12,19,20,28
1/2/2012,36,32,23,22,35
1/1/2012,7,37,24,5,9
12/31/2011,18,26,7,12,2
12/30/2011,24,28,12,29,14
12/29/2011,26,32,6,18,4
12/28/2011,1,14,33,29,39
12/27/2011,15,28,38,19,36
12/26/2011,26,20,32,14,10
12/25/2011,33,26,30,21,27
12/24/2011,14,11,16,3,8
12/23/2011,9,5,10,6,34
12/22/2011,8,14,27,34,3
12/21/2011,27,18,3,4,22
12/20/2011,39,22,24,29,36
12/19/2011,36,34,1,33,8
12/18/2011,4,5,21,37,9
12/17/2011,27,32,22,35,28
12/16/2011,22,29,9,5,4
12/15/2011,18,1,30,34,4
12/14/2011,10,23,16,1,31
12/13/2011,13,18,33,26,7
12/12/2011,11,5,14,2,37
12/11/2011,17,28,16,20,1
12/10/2011,10,27,21,31,19
12/9/2011,34,30,26,19,17
12/8/2011,16,38,19,5,35
12/7/2011,5,9,25,28,24
12/6/2011,33,9,2,10,19
12/5/2011,9,5,19,15,11
12/4/2011,2,7,1,26,36
12/3/2011,32,33,23,11,35
12/2/2011,11,10,32,21,20
12/1/2011,8,5,16,11,30
11/30/2011,8,37,9,21,33
11/29/2011,5,7,1,16,27
11/28/2011,36,31,3,35,19
11/27/2011,6,25,27,28,29
11/26/2011,16,36,26,11,6
11/25/2011,15,36,34,37,5
11/24/2011,7,24,14,11,25
11/23/2011,3,20,18,9,7
11/22/2011,29,37,10,23,5
11/21/2011,28,19,11,34,38
11/20/2011,23,25,30,32,31
11/19/2011,8,35,22,33,7
11/18/2011,20,5,1,28,25
11/17/2011,15,27,20,31,38
11/16/2011,14,31,11,18,24
11/15/2011,21,17,1,7,39
11/14/2011,39,10,6,11,13
11/13/2011,20,21,37,2,29
11/12/2011,1,15,29,32,35
11/11/2011,29,6,11,27,4
11/10/2011,9,4,12,27,32
11/9/2011,10,15,39,30,4
11/8/2011,36,37,10,20,13
11/7/2011,29,39,1,2,32
11/6/2011,25,14,17,11,16
11/5/2011,31,37,24,20,11
11/4/2011,11,4,37,32,31
11/3/2011,32,21,7,8,29
11/2/2011,27,33,25,14,37
11/1/2011,27,8,19,31,15
10/31/2011,6,31,36,13,17
10/30/2011,37,28,7,39,17
10/29/2011,30,28,15,8,24
10/28/2011,28,39,5,15,34
10/27/2011,5,6,39,15,12
10/26/2011,1,27,14,22,18
10/25/2011,25,2,13,33,1
10/24/2011,24,21,14,39,2
10/23/2011,37,16,21,10,22
10/22/2011,1,14,32,31,19
10/21/2011,24,3,16,27,18
10/20/2011,23,25,26,2,37
10/19/2011,10,5,1,29,34
10/18/2011,30,26,31,25,34
10/17/2011,19,14,6,35,5
10/16/2011,8,26,1,9,23
10/15/2011,11,16,15,34,3
10/14/2011,9,3,14,18,20
10/13/2011,7,25,36,8,30
10/12/2011,12,17,32,1,10
10/11/2011,13,11,27,26,18
10/10/2011,12,20,33,19,31
10/9/2011,27,35,26,23,6
10/8/2011,25,13,8,31,19
10/7/2011,3,33,28,24,4
10/6/2011,7,34,22,17,20
10/5/2011,27,7,14,17,2
10/4/2011,39,16,28,34,18
10/3/2011,33,35,2,19,15
10/2/2011,24,37,13,36,15
10/1/2011,2,21,16,9,14
9/30/2011,7,17,1,4,25
9/29/2011,38,9,25,34,27
9/28/2011,2,20,35,1,16
9/27/2011,6,27,30,29,1
9/26/2011,36,39,35,4,8
9/25/2011,3,15,22,20,34
9/24/2011,12,16,39,18,19
9/23/2011,6,5,1,11,30
9/22/2011,17,36,11,37,18
9/21/2011,2,36,8,9,22
9/20/2011,26,7,22,18,31
9/19/2011,1,20,7,25,22
9/18/2011,19,10,37,31,8
9/17/2011,10,26,23,25,22
9/16/2011,10,2,11,15,5
9/15/2011,32,30,36,17,1
9/14/2011,22,13,33,14,4
9/13/2011,1,39,37,25,14
9/12/2011,39,2,32,21,17
9/11/2011,18,10,31,8,1
9/10/2011,24,15,11,31,27
9/9/2011,19,11,36,37,32
9/8/2011,19,35,11,24,30
9/7/2011,37,10,6,22,4
9/6/2011,34,24,20,19,33
9/5/2011,20,7,13,19,38
9/4/2011,37,8,31,34,29
9/3/2011,24,13,3,38,1
9/2/2011,10,4,14,18,23
9/1/2011,20,25,37,28,15
8/31/2011,19,23,2,38,3
8/30/2011,12,2,1,8,24
8/29/2011,21,31,22,14,26
8/28/2011,13,35,26,17,19
8/27/2011,19,1,28,11,21
8/26/2011,14,16,13,7,34
8/25/2011,26,1,32,24,38
8/24/2011,33,22,9,6,8
8/23/2011,14,2,27,29,20
8/22/2011,27,1,35,37,25
8/21/2011,20,17,28,31,18
8/20/2011,12,26,14,9,4
8/19/2011,22,29,33,11,17
8/18/2011,37,14,20,2,16
8/17/2011,39,18,37,33,14
8/16/2011,24,19,25,36,16
8/15/2011,16,2,20,30,5
8/14/2011,11,33,37,26,39
8/13/2011,29,35,33,3,31
8/12/2011,18,1,13,30,35
8/11/2011,36,12,32,37,30
8/10/2011,31,30,33,25,23
8/9/2011,19,13,24,20,30
8/8/2011,36,33,18,28,2
8/7/2011,24,13,16,4,28
8/6/2011,17,16,6,30,11
8/5/2011,39,20,25,6,3
8/4/2011,14,36,11,37,9
8/3/2011,6,8,22,39,9
8/2/2011,17,25,30,13,26
8/1/2011,39,10,13,33,38
7/31/2011,21,24,11,39,15
7/30/2011,18,15,25,28,8
7/29/2011,31,5,30,16,37
7/28/2011,17,30,19,2,31
7/27/2011,16,25,29,7,9
7/26/2011,8,29,17,6,33
7/25/2011,9,5,10,32,17
7/24/2011,11,9,33,20,26
7/23/2011,28,14,26,5,38
7/22/2011,17,11,16,28,9
7/21/2011,28,37,30,19,15
7/20/2011,19,29,13,33,9
7/19/2011,12,34,37,23,7
7/18/2011,28,16,17,24,36
7/17/2011,13,6,1,16,23
7/16/2011,18,7,38,1,12
7/15/2011,18,37,28,4,39
7/14/2011,36,11,25,19,37
7/13/2011,5,38,19,28,34
7/12/2011,35,39,3,11,9
7/11/2011,4,11,17,35,31
7/10/2011,34,15,30,14,35
7/9/2011,27,16,20,26,21
7/8/2011,38,7,25,9,14
7/7/2011,1,3,39,24,27
7/6/2011,30,14,9,34,20
7/5/2011,36,10,22,28,1
7/4/2011,36,9,5,35,32
7/3/2011,6,24,12,1,34
7/2/2011,24,30,13,1,2
7/1/2011,12,34,4,27,11
6/30/2011,9,4,5,38,35
6/29/2011,3,16,1,35,5
6/28/2011,38,37,35,16,24
6/27/2011,18,8,17,24,4
6/26/2011,15,31,27,19,28
6/25/2011,26,34,24,4,38
6/24/2011,12,27,37,24,14
6/23/2011,17,29,16,35,22
6/22/2011,31,34,36,6,23
6/21/2011,5,10,29,11,16
6/20/2011,29,9,32,5,31
6/19/2011,32,38,34,24,31
6/18/2011,19,4,24,7,22
6/17/2011,11,29,26,27,28
6/16/2011,24,2,18,9,34
6/15/2011,21,4,18,9,5
6/14/2011,33,17,16,35,30
6/13/2011,1,33,4,6,13
6/12/2011,30,19,21,9,18
6/11/2011,31,5,17,16,33
6/10/2011,25,17,18,23,14
6/9/2011,8,10,29,30,5
6/8/2011,11,2,38,21,10
6/7/2011,18,13,7,24,33
6/6/2011,37,26,39,14,2
6/5/2011,34,26,2,12,35
6/4/2011,10,23,36,33,25
6/3/2011,8,4,35,2,17
6/2/2011,2,1,9,18,30
6/1/2011,7,6,21,8,13
5/31/2011,7,17,28,22,11
5/30/2011,13,9,34,30,3
5/29/2011,35,14,32,2,5
5/28/2011,33,27,16,17,11
5/27/2011,37,30,27,8,20
5/26/2011,4,21,36,18,11
5/25/2011,6,11,25,7,8
5/24/2011,11,5,2,14,25
5/23/2011,16,38,37,31,28
5/22/2011,11,1,2,33,12
5/21/2011,7,31,14,1,36
5/20/2011,4,3,27,18,11
5/19/2011,19,3,6,15,2
5/18/2011,15,30,6,18,1
5/17/2011,36,18,5,33,20
5/16/2011,27,20,10,11,6
5/15/2011,25,19,21,9,32
5/14/2011,34,19,22,16,8
5/13/2011,30,12,6,37,20
5/12/2011,16,9,7,3,24
5/11/2011,35,5,1,16,10
5/10/2011,24,34,3,22,4
5/9/2011,29,11,15,24,35
5/8/2011,23,20,25,38,17
5/7/2011,18,14,33,21,22
5/6/2011,4,12,15,36,13
5/5/2011,2,7,28,11,32
5/4/2011,10,5,3,25,6
5/3/2011,29,4,17,14,2
5/2/2011,29,16,10,11,2
5/1/2011,5,14,27,39,1
4/30/2011,1,13,17,12,35
4/29/2011,4,12,19,26,17
4/28/2011,15,6,25,12,1
4/27/2011,12,37,27,29,31
4/26/2011,18,24,39,5,22
4/25/2011,28,29,4,32,36
4/24/2011,38,23,31,21,16
4/23/2011,28,6,21,34,37
4/22/2011,8,7,17,39,38
4/21/2011,31,14,37,11,9
4/20/2011,15,38,22,28,35
4/19/2011,19,13,10,6,39
4/18/2011,22,14,21,4,12
4/17/2011,38,24,28,16,31
4/16/2011,18,37,34,16,19
4/15/2011,12,1,18,15,2
4/14/2011,36,20,24,10,38
4/13/2011,21,4,15,9,16
4/12/2011,19,29,17,38,21
4/11/2011,19,27,20,22,10
4/10/2011,25,13,6,3,33
4/9/2011,18,17,27,31,7
4/8/2011,23,1,39,15,28
4/7/2011,3,4,6,2,24
4/6/2011,34,30,19,2,32
4/5/2011,5,20,23,29,1
4/4/2011,11,20,2,25,32
4/3/2011,26,5,3,31,16
4/2/2011,23,36,27,19,28
4/1/2011,24,36,16,29,19
3/31/2011,8,14,23,6,16
3/30/2011,21,6,36,28,24
3/29/2011,25,29,18,39,36
3/28/2011,2,33,32,27,3
3/27/2011,26,11,1,13,4
3/26/2011,26,2,5,31,24
3/25/2011,16,19,28,29,8
3/24/2011,37,29,23,26,34
3/23/2011,39,6,32,5,23
3/22/2011,12,17,25,19,5
3/21/2011,19,17,37,34,22
3/20/2011,18,28,30,11,22
3/19/2011,19,23,30,24,32
3/18/2011,26,7,16,21,35
3/17/2011,27,23,6,10,12
3/16/2011,33,1,27,38,17
3/15/2011,31,18,32,17,19
3/14/2011,6,15,36,16,21
3/13/2011,33,29,30,36,8
3/12/2011,24,11,12,5,22
3/11/2011,6,25,11,24,9
3/10/2011,9,27,32,16,15
3/9/2011,10,23,2,3,11
3/8/2011,23,19,33,39,27
3/7/2011,38,20,12,36,8
3/6/2011,4,17,20,7,38
3/5/2011,29,28,19,4,23
3/4/2011,3,12,31,32,24
3/3/2011,14,7,20,6,32
3/2/2011,26,12,27,7,37
3/1/2011,27,37,28,4,35
2/28/2011,6,31,24,21,11
2/27/2011,23,35,38,22,37
2/26/2011,10,7,36,17,38
2/25/2011,19,39,11,15,10
2/24/2011,21,4,34,20,14
2/23/2011,23,30,27,1,12
2/22/2011,34,11,35,15,21
2/21/2011,22,20,8,1,7
2/20/2011,15,26,9,37,17
2/19/2011,6,10,29,3,12
2/18/2011,10,4,26,11,33
2/17/2011,19,20,14,34,26
2/16/2011,11,33,38,25,30
2/15/2011,18,21,27,9,17
2/14/2011,38,20,4,22,13
2/13/2011,17,33,38,29,20
2/12/2011,5,18,13,1,17
2/11/2011,31,8,36,21,39
2/10/2011,30,10,3,32,20
2/9/2011,34,37,13,10,12
2/8/2011,19,11,3,24,6
2/7/2011,39,28,25,29,20
2/6/2011,1,33,10,34,32
2/5/2011,13,23,22,2,17
2/4/2011,38,23,30,31,20
2/3/2011,33,12,20,15,19
2/2/2011,11,27,6,29,34
2/1/2011,9,16,29,10,26
1/31/2011,32,7,36,2,1
1/30/2011,20,24,9,3,15
1/29/2011,1,16,32,6,13
1/28/2011,16,21,19,30,26
1/27/2011,20,24,13,4,26
1/26/2011,39,31,28,21,27
1/25/2011,21,18,35,27,12
1/24/2011,9,4,24,11,14
1/23/2011,39,23,8,24,12
1/22/2011,21,8,3,17,29
1/21/2011,23,18,7,37,20
1/20/2011,24,33,20,27,18
1/19/2011,2,18,8,30,34
1/18/2011,20,27,16,38,33
1/17/2011,16,31,27,33,23
1/16/2011,3,27,6,23,21
1/15/2011,4,3,25,12,22
1/14/2011,27,15,18,8,28
1/13/2011,33,5,25,22,4
1/12/2011,29,5,24,26,28
1/11/2011,31,34,39,26,32
1/10/2011,15,25,11,16,24
1/9/2011,39,10,4,29,7
1/8/2011,16,12,5,37,19
1/7/2011,29,21,27,30,11
1/6/2011,8,25,9,20,28
1/5/2011,22,25,23,31,32
1/4/2011,29,11,22,15,21
1/3/2011,21,28,8,17,35
1/2/2011,11,5,16,14,1
1/1/2011,4,18,16,12,3
12/31/2010,12,22,1,33,31
12/30/2010,27,9,31,8,23
12/29/2010,19,13,14,28,33
12/28/2010,4,6,34,21,2
12/27/2010,7,17,24,9,21
12/26/2010,26,29,8,39,3
12/25/2010,1,25,5,28,37
12/24/2010,16,25,33,28,27
12/23/2010,3,38,13,1,30
12/22/2010,31,6,11,35,29
12/21/2010,14,22,13,29,17
12/20/2010,38,34,18,25,9
12/19/2010,18,2,13,27,25
12/18/2010,31,8,22,34,17
12/17/2010,12,36,18,8,17
12/16/2010,6,20,8,14,4
12/15/2010,14,35,37,17,34
12/14/2010,28,24,23,29,39
12/13/2010,34,18,2,13,3
12/12/2010,3,20,25,4,30
12/11/2010,33,11,27,10,37
12/10/2010,24,5,23,39,9
12/9/2010,7,25,36,23,20
12/8/2010,39,26,27,16,30
12/7/2010,5,14,3,34,10
12/6/2010,6,29,10,8,37
12/5/2010,9,30,1,13,27
12/4/2010,28,16,34,25,33
12/3/2010,22,38,25,33,12
12/2/2010,7,39,12,1,36
12/1/2010,34,4,23,31,27
11/30/2010,30,3,34,8,22
11/29/2010,27,20,39,36,19
11/28/2010,5,1,18,27,12
11/27/2010,24,4,3,13,14
11/26/2010,23,8,30,37,16
11/25/2010,5,27,26,23,33
11/24/2010,12,31,15,27,20
11/23/2010,38,13,11,35,18
11/22/2010,16,5,31,32,22
11/21/2010,2,30,18,1,4
11/20/2010,26,11,25,37,38
11/19/2010,27,36,31,14,37
11/18/2010,39,20,24,15,11
11/17/2010,4,25,17,11,21
11/16/2010,27,38,16,3,29
11/15/2010,24,10,18,30,7
11/14/2010,19,29,31,11,23
11/13/2010,18,22,28,15,4
11/12/2010,14,32,6,27,11
11/11/2010,38,5,17,35,10
11/10/2010,20,31,18,15,6
11/9/2010,16,22,8,37,32
11/8/2010,6,29,25,8,23
11/7/2010,27,21,24,8,22
11/6/2010,34,39,8,12,22
11/5/2010,5,13,23,8,31
11/4/2010,9,7,8,16,6
11/3/2010,31,33,7,1,22
11/2/2010,26,35,31,12,20
11/1/2010,23,10,36,18,27
10/31/2010,30,15,5,24,2
10/30/2010,9,17,8,39,20
10/29/2010,35,24,33,38,5
10/28/2010,33,24,39,19,16
10/27/2010,1,11,33,17,38
10/26/2010,16,25,19,27,3
10/25/2010,23,21,8,18,37
10/24/2010,10,20,18,7,4
10/23/2010,21,28,36,8,16
10/22/2010,32,36,25,35,21
10/21/2010,28,12,26,27,32
10/20/2010,29,16,30,13,2
10/19/2010,26,24,4,7,30
10/18/2010,8,35,13,24,9
10/17/2010,29,8,19,32,31
10/16/2010,32,2,25,37,5
10/15/2010,10,25,17,18,27
10/14/2010,16,6,17,15,38
10/13/2010,32,17,7,22,11
10/12/2010,20,39,19,5,31
10/11/2010,25,39,8,6,15
10/10/2010,22,10,9,21,15
10/9/2010,22,25,3,17,31
10/8/2010,17,32,25,15,36
10/7/2010,36,11,28,20,31
10/6/2010,23,24,36,37,38
10/5/2010,5,1,25,31,35
10/4/2010,14,22,31,26,36
10/3/2010,3,5,6,30,13
10/2/2010,4,7,13,2,15
10/1/2010,16,30,27,34,11
9/30/2010,9,34,33,39,16
9/29/2010,14,12,5,31,23
9/28/2010,5,7,29,12,32
9/27/2010,14,27,25,34,17
9/26/2010,21,11,19,3,4
9/25/2010,13,21,34,16,37
9/24/2010,6,3,13,18,7
9/23/2010,36,15,7,30,6
9/22/2010,32,36,38,1,7
9/21/2010,9,33,13,37,15
9/20/2010,5,19,16,14,24
9/19/2010,29,19,24,12,23
9/18/2010,14,7,20,24,13
9/17/2010,28,14,12,17,16
9/16/2010,32,13,17,39,37
9/15/2010,39,18,25,2,35
9/14/2010,21,8,24,20,3
9/13/2010,7,39,6,20,34
9/12/2010,9,11,26,10,23
9/11/2010,26,39,15,29,17
9/10/2010,26,5,33,18,19
9/9/2010,24,16,22,38,23
9/8/2010,1,39,19,22,32
9/7/2010,36,37,6,28,1
9/6/2010,6,30,34,15,29
9/5/2010,20,12,27,23,7
9/4/2010,35,6,24,20,21
9/3/2010,6,21,10,7,38
9/2/2010,7,17,28,31,35
9/1/2010,18,11,10,25,17
8/31/2010,21,13,16,29,1
8/30/2010,27,21,18,6,34
8/29/2010,4,5,13,9,37
8/28/2010,39,15,2,38,6
8/27/2010,8,1,22,5,12
8/26/2010,34,27,4,7,1
8/25/2010,13,11,3,39,27
8/24/2010,8,26,10,12,9
8/23/2010,37,20,25,18,27
8/22/2010,23,37,15,29,5
8/21/2010,11,24,38,9,32
8/20/2010,39,31,34,13,20
8/19/2010,13,14,6,19,30
8/18/2010,18,13,38,36,25
8/17/2010,22,11,34,21,18
8/16/2010,16,29,17,9,13
8/15/2010,2,18,12,31,16
8/14/2010,36,10,14,9,7
8/13/2010,10,19,36,28,30
8/12/2010,17,24,15,25,2
8/11/2010,23,2,30,33,8
8/10/2010,10,14,29,9,26
8/9/2010,10,30,18,14,37
8/8/2010,37,27,2,28,26
8/7/2010,27,35,4,18,29
8/6/2010,1,32,31,34,4
8/5/2010,38,17,39,13,34
8/4/2010,3,33,2,17,13
8/3/2010,30,10,27,24,9
8/2/2010,5,7,13,3,15
8/1/2010,36,18,38,8,6
7/31/2010,22,8,11,19,34
7/30/2010,23,25,32,8,2
7/29/2010,17,26,14,3,18
7/28/2010,3,6,9,31,13
7/27/2010,24,8,30,19,22
7/26/2010,23,35,1,28,39
7/25/2010,39,24,36,6,30
7/24/2010,10,39,31,38,11
7/23/2010,4,11,14,17,19
7/22/2010,9,17,13,26,24
7/21/2010,8,34,38,6,21
7/20/2010,11,26,27,22,14
7/19/2010,30,20,13,27,5
7/18/2010,2,21,16,24,8
7/17/2010,34,33,36,23,3
7/16/2010,16,30,34,38,26
7/15/2010,27,15,25,7,37
7/14/2010,29,9,33,1,12
7/13/2010,18,21,22,34,5
7/12/2010,29,35,36,33,2
7/11/2010,18,21,9,30,8
7/10/2010,20,39,14,7,32
7/9/2010,25,3,18,30,26
7/8/2010,16,6,39,38,1
7/7/2010,13,30,25,17,26
7/6/2010,2,23,31,19,27
7/5/2010,7,13,21,14,11
7/4/2010,20,38,9,18,15
7/3/2010,2,33,36,15,11
7/2/2010,26,38,2,11,14
7/1/2010,28,19,38,33,18
6/30/2010,27,35,39,14,11
6/29/2010,12,29,9,2,28
6/28/2010,13,24,18,26,3
6/27/2010,18,37,19,1,28
6/26/2010,2,1,12,25,30
6/25/2010,20,13,14,35,2
6/24/2010,31,2,14,17,11
6/23/2010,18,11,22,7,17
6/22/2010,6,15,2,37,10
6/21/2010,10,12,34,17,23
6/20/2010,16,19,12,30,37
6/19/2010,19,39,2,20,24
6/18/2010,23,26,9,32,5
6/17/2010,10,32,22,20,28
6/16/2010,11,32,25,4,26
6/15/2010,5,7,37,4,17
6/14/2010,8,34,6,3,14
6/13/2010,14,35,19,26,2
6/12/2010,17,35,11,2,23
6/11/2010,15,32,3,11,33
6/10/2010,15,23,20,38,7
6/9/2010,20,23,5,14,22
6/8/2010,13,27,11,24,17
6/7/2010,12,11,33,22,6
6/6/2010,8,5,9,11,2
6/5/2010,24,33,8,13,5
6/4/2010,36,13,24,21,2
6/3/2010,5,32,39,30,10
6/2/2010,29,18,8,24,14
6/1/2010,25,28,19,23,35
5/31/2010,15,23,17,35,24
5/30/2010,1,32,3,39,12
5/29/2010,36,33,7,2,1
5/28/2010,3,21,12,32,18
5/27/2010,30,20,14,25,34
5/26/2010,32,38,27,1,34
5/25/2010,8,23,18,14,38
5/24/2010,36,15,7,37,21
5/23/2010,10,12,22,6,16
5/22/2010,23,15,24,32,1
5/21/2010,26,34,35,16,5
5/20/2010,15,12,28,33,7
5/19/2010,38,10,22,13,9
5/18/2010,24,9,31,19,33
5/17/2010,33,15,2,39,26
5/16/2010,21,36,6,10,33
5/15/2010,6,16,31,25,13
5/14/2010,1,37,17,23,29
5/13/2010,28,30,10,8,11
5/12/2010,17,8,16,38,26
5/11/2010,20,39,28,24,3
5/10/2010,37,8,30,20,34
5/9/2010,24,34,6,5,8
5/8/2010,10,17,35,5,25
5/7/2010,29,14,32,1,10
5/6/2010,29,36,25,24,6
5/5/2010,20,18,24,30,17
5/4/2010,34,31,13,4,1
5/3/2010,17,28,20,30,1
5/2/2010,18,10,24,26,17
5/1/2010,37,11,27,2,3
4/30/2010,11,15,18,25,7
4/29/2010,21,20,28,10,27
4/28/2010,32,9,36,15,17
4/27/2010,32,28,29,8,9
4/26/2010,4,11,25,6,26
4/25/2010,33,28,4,18,2
4/24/2010,25,34,2,1,38
4/23/2010,39,32,14,27,37
4/22/2010,28,25,17,2,31
4/21/2010,14,4,26,25,19
4/20/2010,1,39,25,14,21
4/19/2010,21,29,6,19,13
4/18/2010,7,4,12,13,32
4/17/2010,13,26,17,20,12
4/16/2010,9,10,11,30,3
4/15/2010,30,13,35,24,32
4/14/2010,10,21,4,37,39
4/13/2010,19,27,9,2,24
4/12/2010,16,30,25,14,1
4/11/2010,30,9,28,17,10
4/10/2010,5,4,38,12,15
4/9/2010,28,26,39,37,25
4/8/2010,37,5,15,27,26
4/7/2010,5,16,9,7,17
4/6/2010,33,21,7,34,28
4/5/2010,7,19,9,16,2
4/4/2010,31,11,36,37,39
4/3/2010,35,6,31,12,24
4/2/2010,27,39,31,38,15
4/1/2010,28,9,35,37,29
3/31/2010,10,31,6,24,2
3/30/2010,2,17,5,32,28
3/29/2010,17,6,32,2,4
3/28/2010,23,38,14,1,37
3/27/2010,13,31,10,11,36
3/26/2010,3,38,17,23,31
3/25/2010,17,22,15,9,38
3/24/2010,20,16,17,24,4
3/23/2010,24,35,18,22,30
3/22/2010,15,19,21,7,13
3/21/2010,20,14,37,9,10
3/20/2010,13,33,28,20,6
3/19/2010,12,1,25,36,5
3/18/2010,37,3,21,19,16
3/17/2010,36,6,30,14,2
3/16/2010,21,11,32,35,6
3/15/2010,8,6,25,15,18
3/14/2010,16,5,25,13,31
3/13/2010,14,24,25,28,3
3/12/2010,39,11,1,5,31
3/11/2010,21,3,23,9,25
3/10/2010,9,13,33,14,25
3/9/2010,3,34,2,21,24
3/8/2010,5,24,39,7,6
3/7/2010,32,3,12,10,39
3/6/2010,14,24,4,29,17
3/5/2010,33,36,25,13,27
3/4/2010,1,16,30,19,26
3/3/2010,14,28,22,21,11
3/2/2010,25,14,29,15,12
3/1/2010,26,16,1,10,32
2/28/2010,28,30,11,10,37
2/27/2010,30,11,3,33,7
2/26/2010,38,31,15,13,12
2/25/2010,21,7,35,18,25
2/24/2010,2,35,28,24,20
2/23/2010,25,7,31,8,9
2/22/2010,28,37,35,25,34
2/21/2010,24,34,8,14,25
2/20/2010,3,30,27,11,22
2/19/2010,1,24,7,37,13
2/18/2010,33,1,10,32,13
2/17/2010,31,14,4,3,1
2/16/2010,19,9,20,5,38
2/15/2010,27,12,29,14,37
2/14/2010,22,30,9,20,19
2/13/2010,9,27,29,35,4
2/12/2010,10,28,29,18,25
2/11/2010,27,2,23,11,24
2/10/2010,23,1,16,9,24
2/9/2010,5,35,14,1,15
2/8/2010,31,9,29,12,15
2/7/2010,17,1,7,32,22
2/6/2010,33,8,4,12,16
2/5/2010,34,14,1,9,33
2/4/2010,29,1,19,36,5
2/3/2010,37,9,11,36,18
2/2/2010,19,35,11,1,15
2/1/2010,1,12,35,33,24
1/31/2010,10,25,8,34,1
1/30/2010,28,1,30,27,21
1/29/2010,7,32,21,22,39
1/28/2010,18,35,27,1,19
1/27/2010,11,13,39,16,24
1/26/2010,13,9,17,1,35
1/25/2010,28,1,20,5,11
1/24/2010,18,26,4,17,3
1/23/2010,18,26,35,6,5
1/22/2010,17,31,27,34,37
1/21/2010,22,11,2,24,3
1/20/2010,1,3,29,36,31
1/19/2010,7,36,14,33,38
1/18/2010,10,38,9,20,8
1/17/2010,8,21,7,18,12
1/16/2010,20,2,29,24,12
1/15/2010,3,28,17,37,10
1/14/2010,17,22,13,20,7
1/13/2010,34,14,22,1,24
1/12/2010,30,3,18,36,24
1/11/2010,35,33,30,3,17
1/10/2010,33,5,18,9,25
1/9/2010,11,39,26,25,8
1/8/2010,39,27,21,5,2
1/7/2010,5,28,36,14,30
1/6/2010,25,17,8,7,15
1/5/2010,10,9,18,20,11
1/4/2010,26,15,14,39,12
1/3/2010,11,23,30,8,7
1/2/2010,39,37,35,16,38
1/1/2010,23,35,13,6,7
12/31/2009,30,16,8,22,17
12/30/2009,6,2,35,36,3
12/29/2009,19,35,38,34,23
12/28/2009,37,17,38,34,28
12/27/2009,30,33,24,2,28
12/26/2009,34,32,26,13,28
12/25/2009,16,36,1,19,4
12/24/2009,34,25,9,1,16
12/23/2009,39,31,11,23,15
12/22/2009,1,23,26,5,27
12/21/2009,37,33,3,25,7
12/20/2009,9,32,26,33,14
12/19/2009,23,17,39,15,2
12/18/2009,23,39,32,29,27
12/17/2009,25,12,39,3,38
12/16/2009,36,38,20,19,26
12/15/2009,11,12,4,39,17
12/14/2009,38,32,37,4,31
12/13/2009,35,38,27,26,5
12/12/2009,34,12,2,1,18
12/11/2009,35,14,4,10,9
12/10/2009,16,3,4,23,6
12/9/2009,21,27,14,7,35
12/8/2009,25,28,19,38,3
12/7/2009,33,32,13,7,3
12/6/2009,27,31,2,12,23
12/5/2009,12,31,25,7,5
12/4/2009,36,11,1,23,28
12/3/2009,5,38,13,34,8
12/2/2009,10,25,37,27,29
12/1/2009,37,9,29,26,15
11/30/2009,36,28,35,6,21
11/29/2009,13,36,8,9,29
11/28/2009,23,26,21,22,18
11/27/2009,4,27,16,34,30
11/26/2009,23,26,25,36,21
11/25/2009,24,22,3,34,9
11/24/2009,22,31,15,23,35
11/23/2009,26,35,1,15,37
11/22/2009,19,23,18,22,30
11/21/2009,27,5,21,20,11
11/20/2009,3,19,26,10,31
11/19/2009,29,12,22,11,16
11/18/2009,18,4,29,35,38
11/17/2009,22,34,15,1,3
11/16/2009,15,37,29,4,11
11/15/2009,21,14,1,32,16
11/14/2009,14,31,5,19,3
11/13/2009,36,38,26,5,37
11/12/2009,1,4,6,21,15
11/11/2009,15,31,34,11,9
11/10/2009,27,14,3,31,25
11/9/2009,24,2,10,7,23
11/8/2009,2,3,8,20,9
11/7/2009,38,30,34,19,36
11/6/2009,34,31,7,22,8
11/5/2009,5,21,1,12,28
11/4/2009,11,37,22,36,10
11/3/2009,25,11,21,6,17
11/2/2009,20,25,28,12,8
11/1/2009,18,5,27,9,26
10/31/2009,11,27,33,18,1
10/30/2009,3,22,11,16,5
10/29/2009,22,26,4,27,37
10/28/2009,37,16,10,28,31
10/27/2009,32,33,37,18,22
10/26/2009,17,2,24,8,38
10/25/2009,36,2,19,26,6
10/24/2009,2,21,15,13,35
10/23/2009,36,37,27,3,23
10/22/2009,21,3,7,22,5
10/21/2009,23,7,29,12,34
10/20/2009,26,21,11,3,25
10/19/2009,38,34,30,15,22
10/18/2009,35,25,5,15,2
10/17/2009,20,18,39,9,7
10/16/2009,18,34,22,8,12
10/15/2009,10,5,35,8,26
10/14/2009,34,22,7,17,39
10/13/2009,39,10,11,9,31
10/12/2009,33,16,27,25,15
10/11/2009,20,21,38,37,17
10/10/2009,27,10,28,3,33
10/9/2009,35,2,38,37,30
10/8/2009,21,1,27,15,28
10/7/2009,30,26,27,32,38
10/6/2009,28,7,9,18,17
10/5/2009,9,22,13,3,20
10/4/2009,9,28,22,1,31
10/3/2009,27,11,17,39,20
10/2/2009,27,13,12,25,15
10/1/2009,17,21,15,7,19
9/30/2009,35,20,14,30,12
9/29/2009,20,23,17,22,31
9/28/2009,21,16,7,4,28
9/27/2009,2,38,17,14,13
9/26/2009,33,38,20,17,16
9/25/2009,8,37,12,11,29
9/24/2009,15,26,6,3,38
9/23/2009,5,28,32,19,22
9/22/2009,13,24,25,27,38
9/21/2009,10,24,21,13,29
9/20/2009,19,35,11,7,32
9/19/2009,36,28,3,29,26
9/18/2009,29,37,1,27,30
9/17/2009,19,27,23,36,2
9/16/2009,27,24,21,16,33
9/15/2009,21,18,12,31,36
9/14/2009,19,35,30,32,7
9/13/2009,11,3,37,27,9
9/12/2009,20,3,16,7,11
9/11/2009,34,20,32,25,24
9/10/2009,22,17,32,24,21
9/9/2009,1,30,29,18,23
9/8/2009,31,17,6,23,27
9/7/2009,3,26,7,17,35
9/6/2009,21,14,12,3,10
9/5/2009,27,15,19,32,10
9/4/2009,30,34,6,3,36
9/3/2009,27,30,19,10,36
9/2/2009,9,18,11,17,12
9/1/2009,21,34,20,39,29
8/31/2009,36,5,19,25,27
8/30/2009,6,13,33,32,23
8/29/2009,36,24,39,18,3
8/28/2009,27,33,4,28,32
8/27/2009,33,12,1,6,22
8/26/2009,37,34,20,8,3
8/25/2009,14,30,32,35,15
8/24/2009,38,28,18,32,20
8/23/2009,20,16,38,22,39
8/22/2009,18,9,37,5,17
8/21/2009,10,26,33,16,22
8/20/2009,1,2,5,12,32
8/19/2009,27,4,7,16,5
8/18/2009,39,26,22,23,7
8/17/2009,10,15,29,6,23
8/16/2009,14,38,34,9,36
8/15/2009,25,9,36,32,34
8/14/2009,12,28,11,16,25
8/13/2009,29,14,28,6,5
8/12/2009,11,39,35,14,2
8/11/2009,24,11,23,7,15
8/10/2009,5,34,30,2,26
8/9/2009,33,7,22,35,34
8/8/2009,5,22,39,23,1
8/7/2009,36,19,7,10,29
8/6/2009,25,2,22,17,38
8/5/2009,15,32,5,19,23
8/4/2009,23,39,26,13,27
8/3/2009,15,28,23,38,24
8/2/2009,3,20,12,5,18
8/1/2009,28,32,16,23,3
7/31/2009,23,28,14,35,8
7/30/2009,32,17,2,18,26
7/29/2009,1,35,16,20,12
7/28/2009,21,32,37,5,25
7/27/2009,2,24,29,37,14
7/26/2009,26,30,3,37,28
7/25/2009,18,30,32,20,38
7/24/2009,15,28,7,19,35
7/23/2009,29,27,19,33,18
7/22/2009,21,26,8,38,31
7/21/2009,32,16,26,17,12
7/20/2009,38,30,11,8,22
7/19/2009,38,35,34,25,10
7/18/2009,21,35,28,23,26
7/17/2009,4,9,14,31,28
7/16/2009,39,1,33,17,14
7/15/2009,19,39,33,18,34
7/14/2009,5,23,38,28,30
7/13/2009,3,17,38,25,8
7/12/2009,3,28,26,19,4
7/11/2009,10,32,38,27,19
7/10/2009,37,16,19,13,25
7/9/2009,4,3,31,21,10
7/8/2009,8,15,4,5,26
7/7/2009,27,25,26,9,24
7/6/2009,23,11,35,28,1
7/5/2009,17,22,11,26,35
7/4/2009,33,21,28,17,31
7/3/2009,25,7,3,5,2
7/2/2009,23,15,37,4,5
7/1/2009,11,12,21,19,1
6/30/2009,7,5,16,14,32
6/29/2009,18,33,25,31,9
6/28/2009,2,28,8,39,1
6/27/2009,25,32,19,28,23
6/26/2009,23,27,19,13,16
6/25/2009,17,22,15,4,5
6/24/2009,1,30,25,5,18
6/23/2009,16,14,24,20,28
6/22/2009,37,31,11,24,30
6/21/2009,11,36,6,8,22
6/20/2009,32,33,8,7,22
6/19/2009,23,30,36,1,38
6/18/2009,8,7,18,36,28
6/17/2009,30,27,32,6,18
6/16/2009,29,20,21,8,9
6/15/2009,20,22,25,35,39
6/14/2009,33,9,23,20,7
6/13/2009,27,18,16,35,15
6/12/2009,30,11,29,31,20
6/11/2009,28,9,25,35,18
6/10/2009,17,33,15,23,38
6/9/2009,18,15,23,20,38
6/8/2009,20,9,34,39,7
6/7/2009,20,6,16,11,23
6/6/2009,34,16,24,31,8
6/5/2009,21,5,11,23,30
6/4/2009,10,25,3,14,33
6/3/2009,8,24,34,30,1
6/2/2009,3,11,17,19,37
6/1/2009,35,15,27,31,12
5/31/2009,20,31,18,34,2
5/30/2009,3,38,25,35,22
5/29/2009,14,39,23,19,15
5/28/2009,27,36,39,22,26
5/27/2009,38,1,5,31,24
5/26/2009,30,31,18,3,26
5/25/2009,5,30,21,34,12
5/24/2009,20,19,27,3,15
5/23/2009,20,1,21,30,38
5/22/2009,4,32,7,38,2
5/21/2009,11,28,8,7,33
5/20/2009,9,8,11,2,18
5/19/2009,15,37,3,35,8
5/18/2009,36,14,7,16,11
5/17/2009,20,38,14,24,30
5/16/2009,26,9,32,23,5
5/15/2009,15,20,35,2,17
5/14/2009,10,35,14,3,2
5/13/2009,27,12,24,31,35
5/12/2009,1,29,16,14,2
5/11/2009,25,11,36,35,17
5/10/2009,19,39,8,15,16
5/9/2009,22,23,32,9,28
5/8/2009,2,31,11,32,22
5/7/2009,13,3,26,10,12
5/6/2009,12,35,3,6,18
5/5/2009,2,1,9,13,3
5/4/2009,33,22,39,7,13
5/3/2009,33,12,21,11,31
5/2/2009,15,27,9,33,8
5/1/2009,22,14,6,19,32
4/30/2009,21,20,19,18,2
4/29/2009,17,35,23,14,28
4/28/2009,24,25,26,22,23
4/27/2009,39,37,14,20,5
4/26/2009,27,18,13,32,35
4/25/2009,19,11,13,33,21
4/24/2009,26,32,31,7,23
4/23/2009,30,22,6,21,37
4/22/2009,25,37,15,26,18
4/21/2009,20,27,3,14,25
4/20/2009,7,30,2,33,21
4/19/2009,35,3,15,16,28
4/18/2009,9,32,8,6,30
4/17/2009,16,13,4,34,22
4/16/2009,38,28,12,21,25
4/15/2009,13,33,16,37,4
4/14/2009,6,36,27,32,34
4/13/2009,21,15,24,10,17
4/12/2009,11,5,36,34,4
4/11/2009,14,21,28,12,32
4/10/2009,11,5,32,18,39
4/9/2009,29,30,38,22,28
4/8/2009,16,10,4,17,19
4/7/2009,17,11,8,15,35
4/6/2009,30,20,4,11,22
4/5/2009,25,15,16,6,19
4/4/2009,24,4,15,33,22
4/3/2009,7,11,33,9,14
4/2/2009,6,3,18,33,1
4/1/2009,5,3,16,14,31
3/31/2009,20,27,4,15,14
3/30/2009,33,13,1,7,8
3/29/2009,24,8,28,18,17
3/28/2009,29,37,17,13,34
3/27/2009,2,38,5,35,3
3/26/2009,9,17,32,19,12
3/25/2009,36,5,30,10,37
3/24/2009,18,1,5,36,38
3/23/2009,7,16,20,15,5
3/22/2009,10,23,18,26,9
3/21/2009,20,11,19,39,37
3/20/2009,25,1,22,36,38
3/19/2009,32,12,8,20,7
3/18/2009,5,33,38,9,24
3/17/2009,15,11,6,38,35
3/16/2009,17,27,8,4,19
3/15/2009,13,30,37,19,23
3/14/2009,34,16,29,30,25
3/13/2009,16,32,28,19,23
3/12/2009,33,21,4,28,38
3/11/2009,9,10,3,7,4
3/10/2009,10,20,31,32,9
3/9/2009,24,17,10,37,21
3/8/2009,20,25,2,38,18
3/7/2009,28,32,8,27,23
3/6/2009,12,10,31,27,21
3/5/2009,30,4,26,6,16
3/4/2009,21,11,26,32,31
3/3/2009,32,7,18,2,36
3/2/2009,37,2,16,6,8
3/1/2009,10,20,18,35,3
2/28/2009,26,9,28,30,4
2/27/2009,3,18,4,38,6
2/26/2009,5,11,20,9,38
2/25/2009,25,34,26,5,27
2/24/2009,21,11,10,38,30
2/23/2009,6,5,23,39,34
2/22/2009,22,14,4,9,25
2/21/2009,36,22,6,38,24
2/20/2009,28,37,18,34,6
2/19/2009,12,9,6,7,31
2/18/2009,36,3,17,38,29
2/17/2009,29,21,34,20,8
2/16/2009,38,33,31,10,6
2/15/2009,39,32,28,1,7
2/14/2009,5,16,22,23,9
2/13/2009,25,24,13,37,35
2/12/2009,1,31,32,23,34
2/11/2009,1,21,37,23,18
2/10/2009,2,15,27,20,31
2/9/2009,10,35,20,30,33
2/8/2009,33,8,30,18,29
2/7/2009,16,3,19,17,27
2/6/2009,28,29,16,36,4
2/5/2009,12,39,20,18,6
2/4/2009,14,9,31,39,1
2/3/2009,5,13,29,39,28
2/2/2009,36,9,20,2,4
2/1/2009,22,31,33,30,26
1/31/2009,39,2,4,35,27
1/30/2009,36,12,23,1,22
1/29/2009,2,25,27,21,11
1/28/2009,3,24,33,8,6
1/27/2009,7,31,33,5,9
1/26/2009,28,16,24,19,39
1/25/2009,4,7,19,17,27
1/24/2009,30,29,34,18,33
1/23/2009,2,35,7,31,29
1/22/2009,2,4,18,3,35
1/21/2009,26,22,32,9,21
1/20/2009,38,19,13,11,37
1/19/2009,9,14,23,26,3
1/18/2009,16,32,7,30,3
1/17/2009,12,28,18,11,9
1/16/2009,24,6,20,39,12
1/15/2009,3,39,22,16,5
1/14/2009,1,21,2,11,3
1/13/2009,22,16,31,6,13
1/12/2009,37,27,8,22,3
1/11/2009,31,29,35,22,11
1/10/2009,18,27,39,38,12
1/9/2009,1,27,29,33,37
1/8/2009,29,26,14,23,36
1/7/2009,11,26,39,25,37
1/6/2009,8,27,11,19,31
1/5/2009,39,5,30,22,13
1/4/2009,35,5,37,25,20
1/3/2009,21,37,14,17,20
1/2/2009,17,4,32,26,5
1/1/2009,27,21,20,25,36
12/31/2008,20,25,30,5,29
12/30/2008,3,19,30,16,10
12/29/2008,15,17,13,22,39
12/28/2008,11,8,33,38,4
12/27/2008,5,31,24,36,15
12/26/2008,14,38,33,26,7
12/25/2008,1,13,11,32,8
12/24/2008,11,23,37,18,32
12/23/2008,28,27,36,24,18
12/22/2008,21,32,18,8,15
12/21/2008,14,38,29,16,5
12/20/2008,26,25,39,30,27
12/19/2008,9,8,13,21,26
12/18/2008,15,28,6,13,22
12/17/2008,28,3,26,4,34
12/16/2008,11,7,20,10,25
12/15/2008,36,19,28,24,12
12/14/2008,13,28,25,8,39
12/13/2008,5,26,12,7,21
12/12/2008,7,30,1,18,26
12/11/2008,3,29,21,14,5
12/10/2008,12,6,17,39,35
12/9/2008,12,19,38,23,13
12/8/2008,6,12,32,15,22
12/7/2008,11,26,13,27,21
12/6/2008,21,39,8,13,11
12/5/2008,3,26,30,36,7
12/4/2008,4,13,14,3,25
12/3/2008,21,36,4,11,28
12/2/2008,30,32,18,36,8
12/1/2008,30,3,38,27,16
11/30/2008,21,33,28,4,15
11/29/2008,10,38,17,28,29
11/28/2008,15,12,11,21,14
11/27/2008,20,28,35,39,3
11/26/2008,36,13,26,23,14
11/25/2008,30,26,28,11,18
11/24/2008,38,31,37,20,25
11/23/2008,38,3,39,18,28
11/22/2008,34,28,25,17,31
11/21/2008,16,23,34,27,36
11/20/2008,20,32,30,1,7
11/19/2008,12,8,14,32,35
11/18/2008,2,16,29,23,37
11/17/2008,17,20,14,19,4
11/16/2008,1,26,33,34,22
11/15/2008,14,31,15,21,25
11/14/2008,18,15,27,23,14
11/13/2008,35,24,5,1,38
11/12/2008,38,39,21,16,25
11/11/2008,28,26,36,4,5
11/10/2008,29,13,37,32,4
11/9/2008,32,8,27,12,36
11/8/2008,7,37,28,29,17
11/7/2008,20,23,19,3,32
11/6/2008,29,17,37,13,39
11/5/2008,24,20,23,10,36
11/4/2008,29,5,25,33,26
11/3/2008,25,13,38,28,20
11/2/2008,37,35,8,1,27
11/1/2008,33,13,35,39,20
10/31/2008,2,13,7,8,21
10/30/2008,21,27,5,19,22
10/29/2008,30,21,32,27,2
10/28/2008,27,35,1,13,33
10/27/2008,2,30,36,31,37
10/26/2008,19,3,28,31,14
10/25/2008,16,5,3,12,8
10/24/2008,31,18,25,5,36
10/23/2008,8,5,38,17,16
10/22/2008,27,17,4,7,13
10/21/2008,16,4,29,15,33
10/20/2008,22,2,33,6,25
10/19/2008,31,9,23,33,27
10/18/2008,19,34,27,3,33
10/17/2008,12,35,29,9,33
10/16/2008,30,33,7,31,5
10/15/2008,10,21,37,34,27
10/14/2008,25,6,21,2,27
10/13/2008,21,8,14,17,34
10/12/2008,19,9,38,32,14
10/11/2008,3,37,12,5,18
10/10/2008,19,9,32,21,8
10/9/2008,3,9,14,37,15
10/8/2008,25,8,23,1,5
10/7/2008,33,21,30,5,16
10/6/2008,28,29,9,33,32
10/5/2008,34,11,21,31,36
10/4/2008,9,12,29,19,11
10/3/2008,7,9,6,11,17
10/2/2008,9,5,38,30,10
10/1/2008,32,38,4,8,24
9/30/2008,15,6,3,10,29
9/29/2008,22,30,26,9,8
9/28/2008,6,23,16,14,3
9/27/2008,21,25,9,39,10
9/26/2008,1,33,28,34,35
9/25/2008,35,28,29,7,32
9/24/2008,38,24,25,28,27
9/23/2008,26,36,13,24,6
9/22/2008,4,30,20,26,39
9/21/2008,5,27,30,16,4
9/20/2008,30,12,39,14,11
9/19/2008,4,25,26,7,30
9/18/2008,29,32,31,24,23
9/17/2008,14,35,2,32,22
9/16/2008,9,16,28,33,31
9/15/2008,29,12,8,39,6
9/14/2008,16,32,14,13,38
9/13/2008,28,9,2,39,13
9/12/2008,5,13,33,9,20
9/11/2008,36,8,15,28,19
9/10/2008,35,16,24,38,1
9/9/2008,4,36,35,32,18
9/8/2008,1,24,2,29,30
9/7/2008,23,29,34,3,26
9/6/2008,5,20,34,38,32
9/5/2008,13,12,21,33,30
9/4/2008,10,24,37,20,33
9/3/2008,17,23,16,31,28
9/2/2008,23,5,9,17,35
9/1/2008,29,15,27,34,26
8/31/2008,26,36,24,5,4
8/30/2008,16,22,31,10,18
8/29/2008,16,38,22,26,32
8/28/2008,27,2,5,21,35
8/27/2008,28,4,19,39,34
8/26/2008,22,6,3,35,39
8/25/2008,31,8,38,11,17
8/24/2008,10,12,18,22,1
8/23/2008,1,4,30,21,8
8/22/2008,3,6,37,32,29
8/21/2008,30,25,24,16,27
8/20/2008,10,15,1,7,35
8/19/2008,26,20,4,36,6
8/18/2008,31,3,6,30,13
8/17/2008,25,28,24,37,6
8/16/2008,34,8,9,28,33
8/15/2008,3,7,30,31,14
8/14/2008,22,11,37,30,23
8/13/2008,33,11,3,27,35
8/12/2008,31,13,30,35,29
8/11/2008,13,35,30,11,12
8/10/2008,6,39,12,2,7
8/9/2008,35,30,19,15,27
8/8/2008,20,15,10,23,3
8/7/2008,38,6,32,20,19
8/6/2008,34,20,37,6,14
8/5/2008,25,28,16,39,2
8/4/2008,2,8,34,33,13
8/3/2008,33,35,4,23,17
8/2/2008,9,34,28,22,2
8/1/2008,7,30,4,19,27
7/31/2008,1,11,33,26,13
7/30/2008,36,37,14,33,12
7/29/2008,2,36,13,20,27
7/28/2008,13,6,36,16,34
7/27/2008,1,27,26,11,32
7/26/2008,24,4,7,27,5
7/25/2008,12,15,35,23,4
7/24/2008,32,1,17,20,15
7/23/2008,5,17,19,1,3
7/22/2008,12,16,34,20,19
7/21/2008,6,35,31,7,29
7/20/2008,1,2,32,3,37
7/19/2008,37,27,24,32,16
7/18/2008,4,11,23,6,37
7/17/2008,7,21,22,30,24
7/16/2008,33,14,2,1,24
7/15/2008,2,5,28,17,30
7/14/2008,13,36,35,14,19
7/13/2008,35,28,1,8,34
7/12/2008,26,39,2,20,8
7/11/2008,14,9,16,12,30
7/10/2008,16,17,7,13,24
7/9/2008,12,7,39,10,25
7/8/2008,4,32,10,6,36
7/7/2008,7,32,1,38,6
7/6/2008,18,38,32,6,7
7/5/2008,33,39,22,5,6
7/4/2008,8,39,29,15,19
7/3/2008,34,15,27,32,1
7/2/2008,19,38,5,26,34
7/1/2008,23,28,24,30,17
6/30/2008,6,3,13,10,11
6/29/2008,38,13,30,14,18
6/28/2008,33,35,28,32,19
6/27/2008,14,38,35,12,22
6/26/2008,4,13,22,14,9
6/25/2008,9,16,22,18,5
6/24/2008,39,34,28,26,15
6/23/2008,17,8,10,20,6
6/22/2008,39,6,19,9,16
6/21/2008,3,8,35,6,18
6/20/2008,9,7,13,3,8
6/19/2008,23,19,2,5,32
6/18/2008,20,38,30,17,21
6/17/2008,24,36,8,34,22
6/16/2008,25,38,32,21,34
6/15/2008,1,7,23,22,25
6/14/2008,35,7,21,39,28
6/13/2008,24,3,27,25,1
6/12/2008,2,32,37,10,34
6/11/2008,23,32,28,33,39
6/10/2008,24,39,35,1,6
6/9/2008,24,29,30,36,31
6/8/2008,8,6,31,12,11
6/7/2008,26,2,28,7,33
6/6/2008,22,16,30,3,36
6/5/2008,11,30,21,7,38
6/4/2008,3,6,2,38,7
6/3/2008,27,11,25,20,39
6/2/2008,12,5,35,36,16
6/1/2008,6,11,32,7,25
5/31/2008,32,10,18,39,20
5/30/2008,19,36,14,15,21
5/29/2008,38,12,31,25,30
5/28/2008,9,4,17,15,12
5/27/2008,34,10,18,27,38
5/26/2008,33,1,11,30,6
5/25/2008,24,30,14,37,4
5/24/2008,12,1,29,34,2
5/23/2008,13,14,35,22,10
5/22/2008,33,12,17,1,39
5/21/2008,4,33,15,28,1
5/20/2008,12,6,9,26,21
5/19/2008,5,7,10,25,36
5/18/2008,14,30,29,19,24
5/17/2008,34,24,30,3,13
5/16/2008,10,30,31,9,8
5/15/2008,3,6,1,23,17
5/14/2008,30,6,26,21,13
5/13/2008,8,12,26,34,11
5/12/2008,28,17,23,6,38
5/11/2008,34,27,18,32,5
5/10/2008,9,17,34,12,36
5/9/2008,12,25,39,24,31
5/8/2008,17,2,15,4,8
5/7/2008,19,4,9,27,20
5/6/2008,15,3,11,19,26
5/5/2008,16,28,30,36,29
5/4/2008,22,7,20,11,33
5/3/2008,28,21,20,6,9
5/2/2008,35,30,16,26,10
5/1/2008,20,8,38,30,1
4/30/2008,37,12,14,2,9
4/29/2008,15,19,24,5,32
4/28/2008,27,6,17,13,20
4/27/2008,24,22,30,11,6
4/26/2008,26,5,9,2,4
4/25/2008,14,19,5,25,3
4/24/2008,28,2,12,4,29
4/23/2008,8,36,2,21,9
4/22/2008,23,36,3,7,14
4/21/2008,16,26,22,7,19
4/20/2008,34,10,3,38,4
4/19/2008,38,13,23,31,15
4/18/2008,39,37,26,36,17
4/17/2008,16,22,6,1,4
4/16/2008,22,10,34,2,14
4/15/2008,2,10,6,7,25
4/14/2008,13,15,8,6,22
4/13/2008,26,28,2,32,15
4/12/2008,10,6,25,22,19
4/11/2008,22,12,8,3,29
4/10/2008,7,25,32,20,10
4/9/2008,15,24,7,23,8
4/8/2008,1,18,29,37,17
4/7/2008,21,5,18,14,37
4/6/2008,8,2,26,33,27
4/5/2008,8,31,18,27,35
4/4/2008,7,16,29,15,9
4/3/2008,34,20,39,27,36
4/2/2008,6,23,18,28,32
4/1/2008,15,9,30,4,37
3/31/2008,39,16,36,5,15
3/30/2008,22,39,24,5,30
3/29/2008,19,23,30,20,3
3/28/2008,29,34,20,38,12
3/27/2008,8,38,34,15,9
3/26/2008,2,15,6,19,39
3/25/2008,6,35,10,37,13
3/24/2008,14,25,12,21,3
3/23/2008,15,32,10,5,29
3/22/2008,22,2,28,33,5
3/21/2008,23,31,20,32,15
3/20/2008,37,7,25,32,22
3/19/2008,8,39,15,20,7
3/18/2008,30,39,21,25,35
3/17/2008,22,21,12,33,37
3/16/2008,38,36,21,27,30
3/15/2008,17,38,10,11,22
3/14/2008,29,21,25,13,2
3/13/2008,24,4,38,1,14
3/12/2008,7,29,30,17,16
3/11/2008,16,32,33,39,5
3/10/2008,8,25,11,27,28
3/9/2008,30,27,5,13,39
3/8/2008,34,14,16,9,33
3/7/2008,7,18,8,11,32
3/6/2008,3,21,14,34,36
3/5/2008,11,32,36,8,10
3/4/2008,39,3,33,1,25
3/3/2008,8,14,17,5,26
3/2/2008,14,24,38,16,6
3/1/2008,13,26,16,7,8
2/29/2008,24,35,31,27,25
2/28/2008,7,32,25,15,27
2/27/2008,13,37,14,22,34
2/26/2008,9,31,21,1,16
2/25/2008,30,1,20,9,3
2/24/2008,2,34,19,16,31
2/23/2008,19,12,34,2,32
2/22/2008,39,5,16,6,27
2/21/2008,37,32,10,4,21
2/20/2008,38,20,11,3,5
2/19/2008,37,21,10,22,33
2/18/2008,37,2,21,30,20
2/17/2008,35,5,32,31,9
2/16/2008,27,5,28,20,6
2/15/2008,24,30,22,15,33
2/14/2008,33,25,34,8,21
2/13/2008,9,32,33,36,16
2/12/2008,30,34,31,36,11
2/11/2008,28,39,31,26,30
2/10/2008,39,7,36,28,3
2/9/2008,17,35,25,5,10
2/8/2008,11,16,13,38,32
2/7/2008,21,37,34,31,18
2/6/2008,27,14,25,5,31
2/5/2008,1,28,37,10,8
2/4/2008,32,27,7,5,22
2/3/2008,9,1,16,28,35
2/2/2008,19,5,15,12,2
2/1/2008,5,25,37,24,9
1/31/2008,24,14,18,37,11
1/30/2008,12,3,32,5,23
1/29/2008,7,16,38,10,9
1/28/2008,9,8,4,34,30
1/27/2008,34,6,32,35,19
1/26/2008,25,15,3,11,7
1/25/2008,17,21,30,35,27
1/24/2008,28,38,16,6,34
1/23/2008,25,1,12,32,27
1/22/2008,27,24,35,21,3
1/21/2008,27,34,35,29,30
1/20/2008,15,19,21,9,30
1/19/2008,15,17,28,8,39
1/18/2008,1,37,27,31,4
1/17/2008,10,34,14,17,18
1/16/2008,38,32,12,36,31
1/15/2008,27,1,9,17,19
1/14/2008,9,2,21,4,25
1/13/2008,23,36,26,6,31
1/12/2008,32,20,36,26,7
1/11/2008,39,29,20,19,18
1/10/2008,21,30,11,26,16
1/9/2008,8,13,9,26,35
1/8/2008,6,4,11,24,35
1/7/2008,20,31,5,36,15
1/6/2008,4,3,25,32,19
1/5/2008,6,36,30,27,5
1/4/2008,15,13,10,29,17
1/3/2008,27,35,26,8,33
1/2/2008,19,23,4,14,31
1/1/2008,23,17,15,22,29
12/31/2007,1,32,20,30,28
12/30/2007,7,13,8,23,5
12/29/2007,18,39,24,21,30
12/28/2007,22,26,37,19,36
12/27/2007,39,4,9,21,12
12/26/2007,1,29,15,33,37
12/25/2007,1,36,37,21,17
12/24/2007,31,23,3,20,10
12/23/2007,23,1,8,38,9
12/22/2007,11,16,14,35,13
12/21/2007,24,34,37,38,11
12/20/2007,39,11,28,4,24
12/19/2007,35,18,15,32,21
12/18/2007,39,33,12,3,24
12/17/2007,20,9,28,6,10
12/16/2007,16,30,38,35,11
12/15/2007,8,17,15,11,29
12/14/2007,39,9,36,4,32
12/13/2007,8,22,28,6,25
12/12/2007,35,15,36,1,19
12/11/2007,20,18,16,23,30
12/10/2007,9,38,24,37,28
12/9/2007,27,14,11,23,38
12/8/2007,33,12,28,2,31
12/7/2007,2,7,26,11,4
12/6/2007,25,7,4,18,24
12/5/2007,5,28,37,14,36
12/4/2007,22,17,11,38,24
12/3/2007,15,11,14,24,8
12/2/2007,36,25,28,4,18
12/1/2007,8,13,2,11,26
11/30/2007,20,21,39,6,19
11/29/2007,29,10,2,35,5
11/28/2007,23,16,3,25,36
11/27/2007,10,22,20,32,3
11/26/2007,10,24,32,11,36
11/25/2007,33,8,16,12,9
11/24/2007,29,11,1,38,30
11/23/2007,11,34,20,2,9
11/22/2007,7,25,9,17,5
11/21/2007,33,12,39,17,10
11/20/2007,29,30,11,38,12
11/19/2007,8,34,15,38,36
11/18/2007,12,36,15,6,14
11/17/2007,8,6,33,19,28
11/16/2007,38,17,36,29,23
11/15/2007,23,11,15,17,8
11/14/2007,32,9,18,15,28
11/13/2007,20,38,22,32,35
11/12/2007,13,27,23,4,20
11/11/2007,33,1,23,3,36
11/10/2007,2,25,12,7,33
11/9/2007,31,29,1,25,39
11/8/2007,28,29,38,31,3
11/7/2007,16,22,2,6,21
11/6/2007,37,21,28,26,8
11/5/2007,10,7,27,25,4
11/4/2007,24,5,31,29,15
11/3/2007,15,22,25,9,11
11/2/2007,14,17,24,6,7
11/1/2007,34,37,31,24,16
10/31/2007,22,34,14,13,19
10/30/2007,21,6,37,13,20
10/29/2007,11,27,39,17,37
10/28/2007,16,19,35,24,28
10/27/2007,29,19,12,11,26
10/26/2007,32,13,10,8,12
10/25/2007,32,38,27,3,5
10/24/2007,38,32,33,30,13
10/23/2007,24,7,30,37,18
10/22/2007,35,27,37,24,32
10/21/2007,8,5,13,15,6
10/20/2007,35,6,13,34,8
10/19/2007,11,21,19,6,25
10/18/2007,24,19,38,4,8
10/17/2007,31,14,13,32,24
10/16/2007,27,9,3,4,37
10/15/2007,19,17,3,5,38
10/14/2007,26,11,23,27,16
10/13/2007,10,23,35,20,31
10/12/2007,16,11,32,12,27
10/11/2007,1,30,22,26,29
10/10/2007,31,36,39,37,21
10/9/2007,7,6,39,4,8
10/8/2007,26,1,33,39,20
10/7/2007,36,4,34,15,16
10/6/2007,17,24,3,35,37
10/5/2007,22,16,33,24,4
10/4/2007,14,26,35,13,32
10/3/2007,32,37,10,38,29
10/2/2007,39,5,2,34,35
10/1/2007,12,15,11,37,5
9/30/2007,23,21,33,8,29
9/29/2007,10,2,17,6,3
9/28/2007,21,38,24,15,9
9/27/2007,24,32,16,1,4
9/26/2007,34,4,27,33,37
9/25/2007,8,24,35,36,17
9/24/2007,5,9,13,14,20
9/23/2007,18,21,13,26,8
9/22/2007,16,36,14,12,11
9/21/2007,16,38,11,13,15
9/20/2007,14,20,21,6,25
9/19/2007,36,17,12,20,39
9/18/2007,26,4,18,25,11
9/17/2007,19,22,4,18,33
9/16/2007,13,6,2,18,38
9/15/2007,19,10,1,25,8
9/14/2007,13,18,26,36,12
9/13/2007,38,8,28,34,3
9/12/2007,20,33,12,22,31
9/11/2007,22,15,36,3,38
9/10/2007,29,1,8,30,10
9/9/2007,5,26,18,32,13
9/8/2007,25,15,39,34,1
9/7/2007,37,17,10,36,33
9/6/2007,23,6,27,39,19
9/5/2007,5,39,3,23,14
9/4/2007,8,7,2,15,36
9/3/2007,9,39,17,13,37
9/2/2007,39,10,2,5,29
9/1/2007,27,25,8,3,38
8/31/2007,8,22,2,11,21
8/30/2007,3,19,27,7,34
8/29/2007,37,1,30,38,27
8/28/2007,30,20,35,25,16
8/27/2007,28,6,32,34,21
8/26/2007,25,34,30,21,37
8/25/2007,22,3,18,27,24
8/24/2007,30,11,32,35,18
8/23/2007,36,4,24,29,30
8/22/2007,33,30,2,10,18
8/21/2007,23,26,33,7,12
8/20/2007,9,32,8,5,37
8/19/2007,12,35,10,5,7
8/18/2007,16,22,11,12,25
8/17/2007,30,17,14,28,23
8/16/2007,7,11,23,16,37
8/15/2007,27,8,24,3,28
8/14/2007,16,33,22,36,11
8/13/2007,37,9,3,26,20
8/12/2007,13,31,8,25,29
8/11/2007,32,10,3,23,36
8/10/2007,18,30,19,3,14
8/9/2007,28,33,23,4,25
8/8/2007,11,34,6,7,5
8/7/2007,35,3,39,24,7
8/6/2007,25,3,10,35,17
8/5/2007,16,2,10,14,23
8/4/2007,23,11,24,21,35
8/3/2007,30,27,16,5,34
8/2/2007,31,27,25,37,15
8/1/2007,21,33,8,3,16
7/31/2007,16,34,18,26,21
7/30/2007,16,19,32,14,1
7/29/2007,39,35,15,5,26
7/28/2007,6,38,35,19,36
7/27/2007,21,6,4,26,38
7/26/2007,19,31,8,7,23
7/25/2007,25,22,26,3,31
7/24/2007,22,23,32,17,14
7/23/2007,17,11,26,28,30
7/22/2007,24,30,16,8,36
7/21/2007,22,23,8,35,28
7/20/2007,13,23,1,29,24
7/19/2007,34,26,9,30,8
7/18/2007,9,5,7,32,20
7/17/2007,8,16,28,10,35
7/16/2007,37,29,5,18,4
7/15/2007,31,7,14,35,20
7/14/2007,5,32,1,23,11
7/13/2007,10,2,15,36,25
7/12/2007,10,24,35,3,6
7/11/2007,23,39,4,21,34
7/10/2007,12,14,23,9,35
7/9/2007,39,34,23,21,4
7/8/2007,17,31,22,20,26
7/7/2007,29,24,9,36,8
7/6/2007,8,32,6,7,27
7/5/2007,9,11,10,29,23
7/4/2007,24,17,29,34,26
7/3/2007,36,22,32,4,25
7/2/2007,22,26,4,15,16
7/1/2007,17,16,23,21,30
6/30/2007,25,14,32,27,39
6/29/2007,11,38,19,3,9
6/28/2007,3,24,9,25,33
6/27/2007,19,39,30,27,5
6/26/2007,32,10,2,7,1
6/25/2007,8,32,14,35,13
6/24/2007,11,17,27,13,4
6/23/2007,24,27,21,25,12
6/22/2007,21,9,19,5,20
6/21/2007,33,37,22,32,11
6/20/2007,9,36,6,12,4
6/19/2007,33,18,22,8,7
6/18/2007,7,37,14,26,18
6/17/2007,21,22,19,3,31
6/16/2007,19,28,29,36,26
6/15/2007,37,5,35,10,38
6/14/2007,21,34,1,18,27
6/13/2007,9,8,33,35,21
6/12/2007,11,13,25,2,10
6/11/2007,9,37,39,23,11
6/10/2007,31,16,37,20,14
6/9/2007,39,12,33,26,16
6/8/2007,20,21,25,8,31
6/7/2007,22,38,20,6,34
6/6/2007,35,33,5,7,2
6/5/2007,38,2,30,16,34
6/4/2007,28,18,26,5,35
6/3/2007,5,30,29,2,18
6/2/2007,19,11,7,23,20
6/1/2007,10,7,37,34,39
5/31/2007,22,36,26,23,6
5/30/2007,32,6,14,20,9
5/29/2007,16,6,2,28,31
5/28/2007,27,30,10,34,16
5/27/2007,22,5,39,24,1
5/26/2007,14,20,16,35,17
5/25/2007,27,26,32,25,9
5/24/2007,17,16,30,2,23
5/23/2007,39,11,36,18,25
5/22/2007,33,7,29,17,34
5/21/2007,35,15,22,21,20
5/20/2007,20,22,7,1,32
5/19/2007,11,1,12,7,38
5/18/2007,27,31,37,20,4
5/17/2007,39,3,7,28,18
5/16/2007,12,4,39,25,37
5/15/2007,6,35,27,21,19
5/14/2007,24,23,18,5,34
5/13/2007,16,38,29,3,20
5/12/2007,17,12,7,22,29
5/11/2007,25,12,30,34,1
5/10/2007,14,8,5,25,35
5/9/2007,10,28,32,18,16
5/8/2007,5,7,34,19,22
5/7/2007,24,9,13,7,28
5/6/2007,39,3,9,27,29
5/5/2007,1,3,38,18,28
5/4/2007,32,20,35,33,21
5/3/2007,31,11,28,22,19
5/2/2007,20,24,13,37,1
5/1/2007,20,4,8,31,5
4/30/2007,6,7,21,35,5
4/29/2007,25,6,27,32,33
4/28/2007,1,30,8,14,37
4/27/2007,34,39,37,33,20
4/26/2007,18,14,21,24,4
4/25/2007,31,19,12,13,6
4/24/2007,5,31,17,18,35
4/23/2007,27,9,23,3,24
4/22/2007,39,7,20,11,4
4/21/2007,33,11,37,24,23
4/20/2007,2,12,33,10,15
4/19/2007,35,8,33,21,22
4/18/2007,23,18,1,27,38
4/17/2007,17,35,12,18,23
4/16/2007,8,24,12,29,22
4/15/2007,5,20,9,23,31
4/14/2007,15,16,26,28,34
4/13/2007,12,35,34,30,16
4/12/2007,31,16,21,35,27
4/11/2007,11,28,16,13,29
4/10/2007,18,31,6,4,37
4/9/2007,13,4,31,22,38
4/8/2007,10,9,37,14,33
4/7/2007,38,3,12,33,10
4/6/2007,32,18,3,28,21
4/5/2007,37,20,18,6,23
4/4/2007,4,35,14,31,13
4/3/2007,19,36,6,23,3
4/2/2007,1,4,16,20,18
4/1/2007,15,5,22,2,11
3/31/2007,28,35,18,24,14
3/30/2007,4,24,22,20,18
3/29/2007,21,2,24,37,22
3/28/2007,36,5,31,37,27
3/27/2007,11,28,23,25,17
3/26/2007,39,20,30,13,26
3/25/2007,2,38,34,28,10
3/24/2007,11,21,36,17,3
3/23/2007,24,5,18,14,11
3/22/2007,27,23,1,30,34
3/21/2007,19,33,23,39,24
3/20/2007,15,29,1,19,36
3/19/2007,10,20,25,11,21
3/18/2007,30,23,31,28,4
3/17/2007,8,1,12,9,10
3/16/2007,25,36,22,20,9
3/15/2007,2,6,33,36,1
3/14/2007,29,25,22,1,31
3/13/2007,37,27,38,1,24
3/12/2007,10,17,21,6,34
3/11/2007,14,30,27,31,9
3/10/2007,19,28,26,4,3
3/9/2007,29,9,10,25,15
3/8/2007,28,1,39,30,22
3/7/2007,7,27,14,9,6
3/6/2007,8,28,17,32,36
3/5/2007,24,25,33,35,30
3/4/2007,32,12,28,26,14
3/3/2007,19,1,2,14,34
3/2/2007,7,6,5,4,14
3/1/2007,36,24,25,3,32
2/28/2007,13,3,32,14,1
2/27/2007,29,4,39,36,28
2/26/2007,24,12,4,18,1
2/25/2007,16,35,1,17,2
2/24/2007,18,33,7,15,4
2/23/2007,8,21,23,27,5
2/22/2007,11,26,27,8,16
2/21/2007,27,25,19,11,33
2/20/2007,31,29,2,30,25
2/19/2007,2,26,36,28,9
2/18/2007,35,9,16,19,20
2/17/2007,26,5,24,20,8
2/16/2007,21,4,7,34,23
2/15/2007,5,16,19,15,6
2/14/2007,28,17,4,36,5
2/13/2007,29,25,13,23,31
2/12/2007,34,7,12,8,29
2/11/2007,16,36,19,23,27
2/10/2007,23,38,2,37,6
2/9/2007,38,23,17,32,21
2/8/2007,34,17,33,7,31
2/7/2007,26,37,12,3,2
2/6/2007,37,33,13,7,34
2/5/2007,10,29,19,31,21
2/4/2007,15,22,31,25,6
2/3/2007,3,21,18,23,2
2/2/2007,17,7,32,31,9
2/1/2007,6,22,36,14,32
1/31/2007,31,10,2,37,22
1/30/2007,35,4,34,39,11
1/29/2007,9,37,25,7,20
1/28/2007,5,8,22,26,37
1/27/2007,2,30,1,9,6
1/26/2007,15,5,4,16,7
1/25/2007,22,23,1,2,30
1/24/2007,8,11,4,6,24
1/23/2007,10,19,36,5,35
1/22/2007,32,23,6,24,31
1/21/2007,28,22,16,35,24
1/20/2007,16,36,13,14,20
1/19/2007,26,18,35,17,1
1/18/2007,27,34,12,9,29
1/17/2007,25,34,30,18,27
1/16/2007,6,29,18,34,21
1/15/2007,25,3,2,34,29
1/14/2007,6,27,15,29,7
1/13/2007,2,16,33,39,27
1/12/2007,29,14,21,26,8
1/11/2007,3,16,1,36,6
1/10/2007,22,28,2,9,21
1/9/2007,9,1,19,5,17
1/8/2007,3,38,30,16,4
1/7/2007,27,12,1,8,22
1/6/2007,24,23,7,29,19
1/5/2007,34,35,3,36,13
1/4/2007,10,2,6,34,35
1/3/2007,25,39,36,5,17
1/2/2007,16,18,37,22,25
1/1/2007,7,23,30,6,26
12/31/2006,19,20,27,18,29
12/30/2006,3,7,32,2,31
12/29/2006,14,2,21,11,33
12/28/2006,28,5,16,26,36
12/27/2006,12,11,35,19,17
12/26/2006,20,38,31,27,29
12/25/2006,13,27,17,38,15
12/24/2006,31,17,5,38,18
12/23/2006,22,18,26,12,6
12/22/2006,10,22,5,7,8
12/21/2006,7,32,6,24,13
12/20/2006,19,22,16,4,7
12/19/2006,8,10,33,5,24
12/18/2006,1,14,38,10,7
12/17/2006,21,39,25,33,28
12/16/2006,24,1,21,33,27
12/15/2006,37,32,2,14,29
12/14/2006,27,1,22,16,20
12/13/2006,33,6,3,16,5
12/12/2006,26,38,34,36,24
12/11/2006,5,29,35,8,3
12/10/2006,23,13,17,6,5
12/9/2006,3,4,18,21,39
12/8/2006,26,32,38,30,6
12/7/2006,4,31,19,20,1
12/6/2006,17,10,24,25,11
12/5/2006,12,20,17,6,10
12/4/2006,1,34,28,32,8
12/3/2006,29,12,26,18,27
12/2/2006,7,9,33,4,2
12/1/2006,12,15,34,20,11
11/30/2006,10,4,23,39,12
11/29/2006,22,35,30,13,4
11/28/2006,23,39,28,33,7
11/27/2006,5,9,27,15,30
11/26/2006,13,32,35,16,23
11/25/2006,17,10,32,16,13
11/24/2006,16,4,1,9,21
11/23/2006,22,32,31,8,23
11/22/2006,6,33,34,4,19
11/21/2006,36,1,25,13,37
11/20/2006,35,15,8,39,36
11/19/2006,33,1,13,30,12
11/18/2006,3,31,19,9,21
11/17/2006,26,8,32,24,21
11/16/2006,4,2,23,7,36
11/15/2006,12,4,35,7,28
11/14/2006,33,22,1,29,13
11/13/2006,39,22,4,1,38
11/12/2006,18,19,33,14,39
11/11/2006,31,34,35,2,8
11/10/2006,3,13,32,4,23
11/9/2006,30,5,9,7,36
11/8/2006,23,15,34,4,11
11/7/2006,25,6,14,4,9
11/6/2006,4,19,20,36,37
11/5/2006,20,4,28,14,39
11/4/2006,37,2,10,5,1
11/3/2006,20,23,4,24,33
11/2/2006,31,9,30,34,18
11/1/2006,6,30,32,33,7
10/31/2006,24,36,9,10,5
10/30/2006,18,2,32,14,25
10/29/2006,13,11,21,32,23
10/28/2006,12,2,18,28,39
10/27/2006,36,35,27,21,7
